uniprot,cid,smiles,resp
Q9H255,31244,COC1=CC=C(C=C1)C=O,0
Q8TCB6,31244,COC1=CC=C(C=C1)C=O,0
Q8NGK1,31244,COC1=CC=C(C=C1)C=O,0
Q8NH61,31244,COC1=CC=C(C=C1)C=O,0
A6NGY5,31244,COC1=CC=C(C=C1)C=O,0
Q9H339,31244,COC1=CC=C(C=C1)C=O,0
Q9H340,31244,COC1=CC=C(C=C1)C=O,0
Q9Y5P0,31244,COC1=CC=C(C=C1)C=O,0
Q8NGF3,31244,COC1=CC=C(C=C1)C=O,0
Q8NH59,31244,COC1=CC=C(C=C1)C=O,0
Q8NGJ5,31244,COC1=CC=C(C=C1)C=O,0
Q9H341,31244,COC1=CC=C(C=C1)C=O,0
Q8NGJ8,31244,COC1=CC=C(C=C1)C=O,0
Q8NGJ9,31244,COC1=CC=C(C=C1)C=O,0
Q8NGK0,31244,COC1=CC=C(C=C1)C=O,0
Q9H342,31244,COC1=CC=C(C=C1)C=O,0
Q9H344,31244,COC1=CC=C(C=C1)C=O,0
Q9H343,31244,COC1=CC=C(C=C1)C=O,0
Q8NGR1,31244,COC1=CC=C(C=C1)C=O,0
P58182,31244,COC1=CC=C(C=C1)C=O,0
Q9UGF7,31244,COC1=CC=C(C=C1)C=O,0
Q8NGS6,31244,COC1=CC=C(C=C1)C=O,0
Q8NGS5,31244,COC1=CC=C(C=C1)C=O,0
B2RN74,31244,COC1=CC=C(C=C1)C=O,0
Q8NGC7,31244,COC1=CC=C(C=C1)C=O,0
Q8NGX0,31244,COC1=CC=C(C=C1)C=O,0
Q8NGJ7,31244,COC1=CC=C(C=C1)C=O,0
Q8NGZ2,31244,COC1=CC=C(C=C1)C=O,0
Q9Y5P1,31244,COC1=CC=C(C=C1)C=O,0
Q8NH64,31244,COC1=CC=C(C=C1)C=O,0
Q8NGJ6,31244,COC1=CC=C(C=C1)C=O,0
Q8NGT0,31244,COC1=CC=C(C=C1)C=O,0
Q8NGS8,31244,COC1=CC=C(C=C1)C=O,0
Q8NGS7,31244,COC1=CC=C(C=C1)C=O,0
Q8NG92,31244,COC1=CC=C(C=C1)C=O,0
Q8NGT2,31244,COC1=CC=C(C=C1)C=O,0
Q96R54,31244,COC1=CC=C(C=C1)C=O,0
Q8NGV5,31244,COC1=CC=C(C=C1)C=O,0
Q8NGS4,31244,COC1=CC=C(C=C1)C=O,0
Q8NGZ3,31244,COC1=CC=C(C=C1)C=O,0
Q8NGI0,31244,COC1=CC=C(C=C1)C=O,0
Q8NH53,31244,COC1=CC=C(C=C1)C=O,0
Q8NGF1,31244,COC1=CC=C(C=C1)C=O,0
Q8NH56,31244,COC1=CC=C(C=C1)C=O,0
Q8NGK3,31244,COC1=CC=C(C=C1)C=O,0
Q8NGK4,31244,COC1=CC=C(C=C1)C=O,0
Q8NGK5,31244,COC1=CC=C(C=C1)C=O,0
Q8NGH7,31244,COC1=CC=C(C=C1)C=O,0
Q8NH76,31244,COC1=CC=C(C=C1)C=O,0
Q9Y585,7122,CC(=O)C1=CC2=CC=CC=C2C=C1,0
Q8NGR6,7122,CC(=O)C1=CC2=CC=CC=C2C=C1,0
Q15619,7122,CC(=O)C1=CC2=CC=CC=C2C=C1,0
Q6IF63,31244,COC1=CC=C(C=C1)C=O,0
Q8NGH5,31244,COC1=CC=C(C=C1)C=O,0
Q8NGI3,31244,COC1=CC=C(C=C1)C=O,0
Q8NGH8,31244,COC1=CC=C(C=C1)C=O,0
Q8NH54,31244,COC1=CC=C(C=C1)C=O,0
Q96RD2,31244,COC1=CC=C(C=C1)C=O,0
Q9H2C5,31244,COC1=CC=C(C=C1)C=O,0
Q8NGF0,31244,COC1=CC=C(C=C1)C=O,0
Q9H346,31244,COC1=CC=C(C=C1)C=O,0
Q8NGK2,31244,COC1=CC=C(C=C1)C=O,0
Q9H2C8,31244,COC1=CC=C(C=C1)C=O,0
A6NMU1,31244,COC1=CC=C(C=C1)C=O,0
Q9UKL2,31244,COC1=CC=C(C=C1)C=O,0
Q8NGK6,31244,COC1=CC=C(C=C1)C=O,0
Q8NGJ2,31244,COC1=CC=C(C=C1)C=O,0
Q8NH67,31244,COC1=CC=C(C=C1)C=O,0
Q8NH60,31244,COC1=CC=C(C=C1)C=O,0
Q8NGH9,31244,COC1=CC=C(C=C1)C=O,0
Q8NGJ4,31244,COC1=CC=C(C=C1)C=O,0
Q6IFG1,31244,COC1=CC=C(C=C1)C=O,0
Q96RD3,31244,COC1=CC=C(C=C1)C=O,0
Q96RD0,31244,COC1=CC=C(C=C1)C=O,0
Q8NGG7,31244,COC1=CC=C(C=C1)C=O,0
Q8NGA0,31244,COC1=CC=C(C=C1)C=O,0
Q8NG99,31244,COC1=CC=C(C=C1)C=O,0
Q8NG95,31244,COC1=CC=C(C=C1)C=O,0
Q96RC9,31244,COC1=CC=C(C=C1)C=O,0
Q15620,31244,COC1=CC=C(C=C1)C=O,0
Q8NGG6,31244,COC1=CC=C(C=C1)C=O,0
Q8WZ84,31244,COC1=CC=C(C=C1)C=O,0
Q9GZM6,31244,COC1=CC=C(C=C1)C=O,0
Q8NGM9,31244,COC1=CC=C(C=C1)C=O,0
Q15617,31244,COC1=CC=C(C=C1)C=O,0
Q15622,31244,COC1=CC=C(C=C1)C=O,0
O76100,31244,COC1=CC=C(C=C1)C=O,0
O14581,31244,COC1=CC=C(C=C1)C=O,0
Q8NH79,31244,COC1=CC=C(C=C1)C=O,0
Q8NGX8,31244,COC1=CC=C(C=C1)C=O,0
Q8NG98,31244,COC1=CC=C(C=C1)C=O,0
Q6IFN5,31244,COC1=CC=C(C=C1)C=O,0
O76099,31244,COC1=CC=C(C=C1)C=O,0
O60412,31244,COC1=CC=C(C=C1)C=O,0
Q96RA2,31244,COC1=CC=C(C=C1)C=O,0
Q6IF36,31244,COC1=CC=C(C=C1)C=O,0
Q9H208,31244,COC1=CC=C(C=C1)C=O,0
Q8NGE9,31244,COC1=CC=C(C=C1)C=O,0
Q9H207,31244,COC1=CC=C(C=C1)C=O,0
P58181,31244,COC1=CC=C(C=C1)C=O,0
Q9H209,31244,COC1=CC=C(C=C1)C=O,0
Q8NH87,31244,COC1=CC=C(C=C1)C=O,0
Q8NGQ1,31244,COC1=CC=C(C=C1)C=O,0
Q8NGU2,31244,COC1=CC=C(C=C1)C=O,0
Q8NGT5,31244,COC1=CC=C(C=C1)C=O,0
Q8NG78,31244,COC1=CC=C(C=C1)C=O,0
Q8NGG4,31244,COC1=CC=C(C=C1)C=O,0
Q8N162,31244,COC1=CC=C(C=C1)C=O,0
Q8N146,31244,COC1=CC=C(C=C1)C=O,0
Q8N0Y5,31244,COC1=CC=C(C=C1)C=O,0
Q8NGP2,31244,COC1=CC=C(C=C1)C=O,0
Q8NGG5,31244,COC1=CC=C(C=C1)C=O,0
Q8NH51,31244,COC1=CC=C(C=C1)C=O,0
Q8NH50,31244,COC1=CC=C(C=C1)C=O,0
Q8NH10,31244,COC1=CC=C(C=C1)C=O,0
P0C7N1,31244,COC1=CC=C(C=C1)C=O,0
P0C7N5,31244,COC1=CC=C(C=C1)C=O,0
Q8NGG0,31244,COC1=CC=C(C=C1)C=O,0
Q8NGE7,31244,COC1=CC=C(C=C1)C=O,0
Q8NGQ5,31244,COC1=CC=C(C=C1)C=O,0
P0C7N8,31244,COC1=CC=C(C=C1)C=O,0
Q8NGQ6,31244,COC1=CC=C(C=C1)C=O,0
Q8NGE1,31244,COC1=CC=C(C=C1)C=O,0
Q9NZP0,31244,COC1=CC=C(C=C1)C=O,0
A6NJZ3,31244,COC1=CC=C(C=C1)C=O,0
A6NF89,31244,COC1=CC=C(C=C1)C=O,0
A6NDL8,31244,COC1=CC=C(C=C1)C=O,0
Q8NGW1,31244,COC1=CC=C(C=C1)C=O,0
Q6IFH4,31244,COC1=CC=C(C=C1)C=O,0
Q9NZP2,31244,COC1=CC=C(C=C1)C=O,0
Q96RD1,31244,COC1=CC=C(C=C1)C=O,0
Q8NGY3,31244,COC1=CC=C(C=C1)C=O,0
Q8NGW6,31244,COC1=CC=C(C=C1)C=O,0
Q8NGM8,31244,COC1=CC=C(C=C1)C=O,0
Q8NGY5,31244,COC1=CC=C(C=C1)C=O,0
Q8NGY2,31244,COC1=CC=C(C=C1)C=O,0
Q8NGZ6,31244,COC1=CC=C(C=C1)C=O,0
Q8NGC5,31244,COC1=CC=C(C=C1)C=O,0
Q8NGN1,31244,COC1=CC=C(C=C1)C=O,0
Q8N148,31244,COC1=CC=C(C=C1)C=O,0
Q8NH40,31244,COC1=CC=C(C=C1)C=O,0
Q8NGY6,31244,COC1=CC=C(C=C1)C=O,0
Q8NGQ2,31244,COC1=CC=C(C=C1)C=O,0
A6NCV1,31244,COC1=CC=C(C=C1)C=O,0
A6NL08,31244,COC1=CC=C(C=C1)C=O,0
A6NIJ9,31244,COC1=CC=C(C=C1)C=O,0
A6NM76,31244,COC1=CC=C(C=C1)C=O,0
Q6IF99,31244,COC1=CC=C(C=C1)C=O,0
Q8NGQ4,31244,COC1=CC=C(C=C1)C=O,0
Q8NGE3,31244,COC1=CC=C(C=C1)C=O,0
Q5JRS4,31244,COC1=CC=C(C=C1)C=O,0
Q8NGX5,31244,COC1=CC=C(C=C1)C=O,0
Q8NHC4,31244,COC1=CC=C(C=C1)C=O,0
Q9GZK7,31244,COC1=CC=C(C=C1)C=O,0
Q8NGC1,31244,COC1=CC=C(C=C1)C=O,0
Q8NGY1,31244,COC1=CC=C(C=C1)C=O,0
Q8NGC9,31244,COC1=CC=C(C=C1)C=O,0
Q8NG94,31244,COC1=CC=C(C=C1)C=O,0
Q8NGN2,31244,COC1=CC=C(C=C1)C=O,0
Q8NGX3,31244,COC1=CC=C(C=C1)C=O,0
Q8NGX6,31244,COC1=CC=C(C=C1)C=O,0
Q8NGF6,31244,COC1=CC=C(C=C1)C=O,0
Q8NGY0,31244,COC1=CC=C(C=C1)C=O,0
Q8NGI7,31244,COC1=CC=C(C=C1)C=O,0
P30954,31244,COC1=CC=C(C=C1)C=O,0
Q8NGC4,31244,COC1=CC=C(C=C1)C=O,0
Q8NGC3,31244,COC1=CC=C(C=C1)C=O,0
Q96KK4,31244,COC1=CC=C(C=C1)C=O,0
Q8NH81,31244,COC1=CC=C(C=C1)C=O,0
Q8NGN3,31244,COC1=CC=C(C=C1)C=O,0
Q8NGE5,31244,COC1=CC=C(C=C1)C=O,0
Q8NH19,31244,COC1=CC=C(C=C1)C=O,0
Q8NGE0,31244,COC1=CC=C(C=C1)C=O,0
O60404,31244,COC1=CC=C(C=C1)C=O,0
O60403,31244,COC1=CC=C(C=C1)C=O,0
Q8NGA5,31244,COC1=CC=C(C=C1)C=O,0
Q8NGA6,31244,COC1=CC=C(C=C1)C=O,0
Q8NGN5,31244,COC1=CC=C(C=C1)C=O,0
Q8NGN6,31244,COC1=CC=C(C=C1)C=O,0
Q9Y4A9,31244,COC1=CC=C(C=C1)C=O,0
Q8NGN4,31244,COC1=CC=C(C=C1)C=O,0
P47893,7122,CC(=O)C1=CC2=CC=CC=C2C=C1,0
P47888,7122,CC(=O)C1=CC2=CC=CC=C2C=C1,0
Q8NG97,7122,CC(=O)C1=CC2=CC=CC=C2C=C1,0
P47881,7122,CC(=O)C1=CC2=CC=CC=C2C=C1,0
P47883,7122,CC(=O)C1=CC2=CC=CC=C2C=C1,0
Q8NH70,7122,CC(=O)C1=CC2=CC=CC=C2C=C1,0
Q6IF82,7122,CC(=O)C1=CC2=CC=CC=C2C=C1,0
Q8NGF8,7122,CC(=O)C1=CC2=CC=CC=C2C=C1,0
Q8NGL6,7122,CC(=O)C1=CC2=CC=CC=C2C=C1,0
Q8NH83,7122,CC(=O)C1=CC2=CC=CC=C2C=C1,0
Q8NH02,7122,CC(=O)C1=CC2=CC=CC=C2C=C1,0
Q8NG76,7122,CC(=O)C1=CC2=CC=CC=C2C=C1,0
Q8NG77,7122,CC(=O)C1=CC2=CC=CC=C2C=C1,0
Q8NH01,7122,CC(=O)C1=CC2=CC=CC=C2C=C1,0
Q8NH04,7122,CC(=O)C1=CC2=CC=CC=C2C=C1,0
Q7Z3T1,7122,CC(=O)C1=CC2=CC=CC=C2C=C1,0
A6NFC9,7122,CC(=O)C1=CC2=CC=CC=C2C=C1,0
Q8NGX1,7122,CC(=O)C1=CC2=CC=CC=C2C=C1,0
Q96R30,7122,CC(=O)C1=CC2=CC=CC=C2C=C1,0
Q8NH42,7122,CC(=O)C1=CC2=CC=CC=C2C=C1,0
Q8NH41,7122,CC(=O)C1=CC2=CC=CC=C2C=C1,0
Q8NGD5,7122,CC(=O)C1=CC2=CC=CC=C2C=C1,0
Q8NGD4,7122,CC(=O)C1=CC2=CC=CC=C2C=C1,0
Q8NGD2,7122,CC(=O)C1=CC2=CC=CC=C2C=C1,0
Q8NGB6,7122,CC(=O)C1=CC2=CC=CC=C2C=C1,0
Q8NGD1,7122,CC(=O)C1=CC2=CC=CC=C2C=C1,0
Q8NGL7,7122,CC(=O)C1=CC2=CC=CC=C2C=C1,0
Q8NGD5,16724,CC1=CC[C@@H](CC1=O)C(=C)C,0
Q8IXE1,7122,CC(=O)C1=CC2=CC=CC=C2C=C1,0
Q8N0Y3,7122,CC(=O)C1=CC2=CC=CC=C2C=C1,0
Q8NGC6,7122,CC(=O)C1=CC2=CC=CC=C2C=C1,0
Q8NH43,7122,CC(=O)C1=CC2=CC=CC=C2C=C1,0
Q8NGD0,7122,CC(=O)C1=CC2=CC=CC=C2C=C1,0
Q15615,7122,CC(=O)C1=CC2=CC=CC=C2C=C1,0
A6NHA9,7122,CC(=O)C1=CC2=CC=CC=C2C=C1,0
P58180,7122,CC(=O)C1=CC2=CC=CC=C2C=C1,0
Q8NGN0,7122,CC(=O)C1=CC2=CC=CC=C2C=C1,0
Q8NGB2,7122,CC(=O)C1=CC2=CC=CC=C2C=C1,0
Q8NH72,7122,CC(=O)C1=CC2=CC=CC=C2C=C1,0
Q8NH37,7122,CC(=O)C1=CC2=CC=CC=C2C=C1,0
Q8NGL9,7122,CC(=O)C1=CC2=CC=CC=C2C=C1,0
A6NMZ5,7122,CC(=O)C1=CC2=CC=CC=C2C=C1,0
Q6IEV9,7122,CC(=O)C1=CC2=CC=CC=C2C=C1,0
Q96R67,7122,CC(=O)C1=CC2=CC=CC=C2C=C1,0
Q8NGP0,7122,CC(=O)C1=CC2=CC=CC=C2C=C1,0
Q8NGM1,7122,CC(=O)C1=CC2=CC=CC=C2C=C1,0
Q8NGA8,7122,CC(=O)C1=CC2=CC=CC=C2C=C1,0
Q8NGB9,7122,CC(=O)C1=CC2=CC=CC=C2C=C1,0
Q8NGB8,7122,CC(=O)C1=CC2=CC=CC=C2C=C1,0
O95013,7122,CC(=O)C1=CC2=CC=CC=C2C=C1,0
Q8NGE8,7122,CC(=O)C1=CC2=CC=CC=C2C=C1,0
Q8NGJ1,7122,CC(=O)C1=CC2=CC=CC=C2C=C1,0
Q8NGI4,7122,CC(=O)C1=CC2=CC=CC=C2C=C1,0
Q6IEY1,7122,CC(=O)C1=CC2=CC=CC=C2C=C1,0
Q96R69,7122,CC(=O)C1=CC2=CC=CC=C2C=C1,0
Q8NH21,7122,CC(=O)C1=CC2=CC=CC=C2C=C1,0
Q8NGC2,7122,CC(=O)C1=CC2=CC=CC=C2C=C1,0
Q8NGI6,7122,CC(=O)C1=CC2=CC=CC=C2C=C1,0
Q6IF42,7122,CC(=O)C1=CC2=CC=CC=C2C=C1,0
O95047,7122,CC(=O)C1=CC2=CC=CC=C2C=C1,0
Q8NGQ3,7122,CC(=O)C1=CC2=CC=CC=C2C=C1,0
Q96R48,7122,CC(=O)C1=CC2=CC=CC=C2C=C1,0
Q8NGT9,7122,CC(=O)C1=CC2=CC=CC=C2C=C1,0
Q8NHA4,7122,CC(=O)C1=CC2=CC=CC=C2C=C1,0
Q9H205,7122,CC(=O)C1=CC2=CC=CC=C2C=C1,0
A6NM03,7122,CC(=O)C1=CC2=CC=CC=C2C=C1,0
Q96R45,7122,CC(=O)C1=CC2=CC=CC=C2C=C1,0
Q8NGT7,7122,CC(=O)C1=CC2=CC=CC=C2C=C1,0
Q96R47,7122,CC(=O)C1=CC2=CC=CC=C2C=C1,0
A4D2G3,7122,CC(=O)C1=CC2=CC=CC=C2C=C1,0
Q8NH06,7122,CC(=O)C1=CC2=CC=CC=C2C=C1,0
Q8NGR9,7122,CC(=O)C1=CC2=CC=CC=C2C=C1,0
Q8NH92,7122,CC(=O)C1=CC2=CC=CC=C2C=C1,0
Q15612,7122,CC(=O)C1=CC2=CC=CC=C2C=C1,0
Q8NGT1,7122,CC(=O)C1=CC2=CC=CC=C2C=C1,0
Q8NH16,7122,CC(=O)C1=CC2=CC=CC=C2C=C1,0
P58173,7122,CC(=O)C1=CC2=CC=CC=C2C=C1,0
Q5JQS5,7122,CC(=O)C1=CC2=CC=CC=C2C=C1,0
O95371,7122,CC(=O)C1=CC2=CC=CC=C2C=C1,0
O76000,7122,CC(=O)C1=CC2=CC=CC=C2C=C1,0
Q8NGZ0,7122,CC(=O)C1=CC2=CC=CC=C2C=C1,0
Q8NG84,7122,CC(=O)C1=CC2=CC=CC=C2C=C1,0
Q8N628,7122,CC(=O)C1=CC2=CC=CC=C2C=C1,0
Q9GZK3,7122,CC(=O)C1=CC2=CC=CC=C2C=C1,0
A6NND4,7122,CC(=O)C1=CC2=CC=CC=C2C=C1,0
Q5TZ20,7122,CC(=O)C1=CC2=CC=CC=C2C=C1,0
Q9GZK4,7122,CC(=O)C1=CC2=CC=CC=C2C=C1,0
Q8NGZ4,7122,CC(=O)C1=CC2=CC=CC=C2C=C1,0
O95918,7122,CC(=O)C1=CC2=CC=CC=C2C=C1,0
Q9GZK6,7122,CC(=O)C1=CC2=CC=CC=C2C=C1,0
O76001,7122,CC(=O)C1=CC2=CC=CC=C2C=C1,0
Q8NGZ5,7122,CC(=O)C1=CC2=CC=CC=C2C=C1,0
Q9H210,7122,CC(=O)C1=CC2=CC=CC=C2C=C1,0
Q8NGH3,7122,CC(=O)C1=CC2=CC=CC=C2C=C1,0
O95006,7122,CC(=O)C1=CC2=CC=CC=C2C=C1,0
Q13607,7122,CC(=O)C1=CC2=CC=CC=C2C=C1,0
O60431,7122,CC(=O)C1=CC2=CC=CC=C2C=C1,0
P47890,7122,CC(=O)C1=CC2=CC=CC=C2C=C1,0
Q8NGS2,7122,CC(=O)C1=CC2=CC=CC=C2C=C1,0
Q8NGS1,7122,CC(=O)C1=CC2=CC=CC=C2C=C1,0
Q8NGS3,7122,CC(=O)C1=CC2=CC=CC=C2C=C1,0
P58170,7122,CC(=O)C1=CC2=CC=CC=C2C=C1,0
P30953,7122,CC(=O)C1=CC2=CC=CC=C2C=C1,0
P47884,7122,CC(=O)C1=CC2=CC=CC=C2C=C1,0
Q8WZA6,7122,CC(=O)C1=CC2=CC=CC=C2C=C1,0
O43749,7122,CC(=O)C1=CC2=CC=CC=C2C=C1,0
P47887,7122,CC(=O)C1=CC2=CC=CC=C2C=C1,0
Q8NGR8,7122,CC(=O)C1=CC2=CC=CC=C2C=C1,0
Q8NGR2,7122,CC(=O)C1=CC2=CC=CC=C2C=C1,0
Q8NGS0,7122,CC(=O)C1=CC2=CC=CC=C2C=C1,0
Q8NGA1,7122,CC(=O)C1=CC2=CC=CC=C2C=C1,0
Q8NH94,7122,CC(=O)C1=CC2=CC=CC=C2C=C1,0
Q8NH93,7122,CC(=O)C1=CC2=CC=CC=C2C=C1,0
Q8NGR3,7122,CC(=O)C1=CC2=CC=CC=C2C=C1,0
Q8NGR5,7122,CC(=O)C1=CC2=CC=CC=C2C=C1,0
Q8NH00,7122,CC(=O)C1=CC2=CC=CC=C2C=C1,0
Q8NH03,7122,CC(=O)C1=CC2=CC=CC=C2C=C1,0
Q6IEZ7,7122,CC(=O)C1=CC2=CC=CC=C2C=C1,0
O43869,7122,CC(=O)C1=CC2=CC=CC=C2C=C1,0
Q6IF00,7122,CC(=O)C1=CC2=CC=CC=C2C=C1,0
A6NH00,7122,CC(=O)C1=CC2=CC=CC=C2C=C1,0
Q8NGZ9,7122,CC(=O)C1=CC2=CC=CC=C2C=C1,0
Q8NHC8,7122,CC(=O)C1=CC2=CC=CC=C2C=C1,0
P0C7T2,7122,CC(=O)C1=CC2=CC=CC=C2C=C1,0
Q8N349,7122,CC(=O)C1=CC2=CC=CC=C2C=C1,0
Q96R28,7122,CC(=O)C1=CC2=CC=CC=C2C=C1,0
Q8NG85,7122,CC(=O)C1=CC2=CC=CC=C2C=C1,0
Q8NGY9,7122,CC(=O)C1=CC2=CC=CC=C2C=C1,0
Q8NG80,7122,CC(=O)C1=CC2=CC=CC=C2C=C1,0
Q8NG81,7122,CC(=O)C1=CC2=CC=CC=C2C=C1,0
Q9NQN1,7122,CC(=O)C1=CC2=CC=CC=C2C=C1,0
Q8NG83,7122,CC(=O)C1=CC2=CC=CC=C2C=C1,0
A3KFT3,7122,CC(=O)C1=CC2=CC=CC=C2C=C1,0
Q96R27,7122,CC(=O)C1=CC2=CC=CC=C2C=C1,0
O95007,31244,COC1=CC=C(C=C1)C=O,0
O43869,5281167,CC/C=C\CCO,0
Q6IF00,5281167,CC/C=C\CCO,0
Q8NH03,5281167,CC/C=C\CCO,0
Q6IEZ7,5281167,CC/C=C\CCO,0
Q8NHC8,5281167,CC/C=C\CCO,0
Q8NH00,5281167,CC/C=C\CCO,0
Q9NQN1,5281167,CC/C=C\CCO,0
Q8NG76,5281167,CC/C=C\CCO,0
Q8NH01,5281167,CC/C=C\CCO,0
Q8NGZ9,5281167,CC/C=C\CCO,0
P0C7T2,5281167,CC/C=C\CCO,0
A6NH00,5281167,CC/C=C\CCO,0
Q8NH02,5281167,CC/C=C\CCO,0
Q8NG77,5281167,CC/C=C\CCO,0
Q8NH04,5281167,CC/C=C\CCO,0
Q9GZK6,5281167,CC/C=C\CCO,0
O76002,5281167,CC/C=C\CCO,0
Q96R28,5281167,CC/C=C\CCO,0
Q8NG83,5281167,CC/C=C\CCO,0
Q96R27,5281167,CC/C=C\CCO,0
A3KFT3,5281167,CC/C=C\CCO,0
Q8N349,5281167,CC/C=C\CCO,0
Q8NGY9,5281167,CC/C=C\CCO,0
Q8NH16,5281167,CC/C=C\CCO,0
Q8NG85,5281167,CC/C=C\CCO,0
Q8NG80,5281167,CC/C=C\CCO,0
Q8NG81,5281167,CC/C=C\CCO,0
Q8NGT1,5281167,CC/C=C\CCO,0
Q8NGP0,5281167,CC/C=C\CCO,0
Q8NGM1,5281167,CC/C=C\CCO,0
Q8NGL9,5281167,CC/C=C\CCO,0
A6NMZ5,5281167,CC/C=C\CCO,0
A6NHA9,5281167,CC/C=C\CCO,0
Q15615,5281167,CC/C=C\CCO,0
P58180,5281167,CC/C=C\CCO,0
Q96R67,5281167,CC/C=C\CCO,0
Q6IEV9,5281167,CC/C=C\CCO,0
Q8NGN0,5281167,CC/C=C\CCO,0
Q7Z3T1,5281167,CC/C=C\CCO,0
A6NFC9,5281167,CC/C=C\CCO,0
Q8NGX1,5281167,CC/C=C\CCO,0
Q96R30,5281167,CC/C=C\CCO,0
Q8NG97,5281167,CC/C=C\CCO,0
P47881,5281167,CC/C=C\CCO,0
P47893,5281167,CC/C=C\CCO,0
P47888,5281167,CC/C=C\CCO,0
P47883,5281167,CC/C=C\CCO,0
Q8NH37,5281167,CC/C=C\CCO,0
Q8NGB2,5281167,CC/C=C\CCO,0
Q8NH72,5281167,CC/C=C\CCO,0
Q8NGF8,5281167,CC/C=C\CCO,0
Q6IF82,5281167,CC/C=C\CCO,0
Q8NH83,5281167,CC/C=C\CCO,0
Q8NGL6,5281167,CC/C=C\CCO,0
Q8NH70,5281167,CC/C=C\CCO,0
Q8NGL2,16724,CC1=CC[C@@H](CC1=O)C(=C)C,0
Q8NGL0,16724,CC1=CC[C@@H](CC1=O)C(=C)C,0
Q8NGP8,16724,CC1=CC[C@@H](CC1=O)C(=C)C,0
Q8NGP4,16724,CC1=CC[C@@H](CC1=O)C(=C)C,0
Q8NGP6,16724,CC1=CC[C@@H](CC1=O)C(=C)C,0
Q8NGP3,16724,CC1=CC[C@@H](CC1=O)C(=C)C,0
Q6IEU7,16724,CC1=CC[C@@H](CC1=O)C(=C)C,0
Q96RB7,16724,CC1=CC[C@@H](CC1=O)C(=C)C,0
Q8WZ92,16724,CC1=CC[C@@H](CC1=O)C(=C)C,0
Q8NH85,16724,CC1=CC[C@@H](CC1=O)C(=C)C,0
A6NDH6,16724,CC1=CC[C@@H](CC1=O)C(=C)C,0
Q13606,16724,CC1=CC[C@@H](CC1=O)C(=C)C,0
Q8NH18,16724,CC1=CC[C@@H](CC1=O)C(=C)C,0
Q8NG75,16724,CC1=CC[C@@H](CC1=O)C(=C)C,0
Q8NHB7,16724,CC1=CC[C@@H](CC1=O)C(=C)C,0
A6NET4,16724,CC1=CC[C@@H](CC1=O)C(=C)C,0
A6NMS3,16724,CC1=CC[C@@H](CC1=O)C(=C)C,0
Q8NHB8,16724,CC1=CC[C@@H](CC1=O)C(=C)C,0
Q8NGG2,16724,CC1=CC[C@@H](CC1=O)C(=C)C,0
Q9UGF6,16724,CC1=CC[C@@H](CC1=O)C(=C)C,0
A6NM76,16724,CC1=CC[C@@H](CC1=O)C(=C)C,0
Q8NGZ6,16724,CC1=CC[C@@H](CC1=O)C(=C)C,0
Q8NGC5,16724,CC1=CC[C@@H](CC1=O)C(=C)C,0
Q8NGY2,16724,CC1=CC[C@@H](CC1=O)C(=C)C,0
Q8NGY3,16724,CC1=CC[C@@H](CC1=O)C(=C)C,0
Q8NGW6,16724,CC1=CC[C@@H](CC1=O)C(=C)C,0
Q8NGM8,16724,CC1=CC[C@@H](CC1=O)C(=C)C,0
Q8NGY5,16724,CC1=CC[C@@H](CC1=O)C(=C)C,0
Q8NGY6,16724,CC1=CC[C@@H](CC1=O)C(=C)C,0
Q8NGQ2,16724,CC1=CC[C@@H](CC1=O)C(=C)C,0
Q8NH40,16724,CC1=CC[C@@H](CC1=O)C(=C)C,0
Q8NGN1,16724,CC1=CC[C@@H](CC1=O)C(=C)C,0
A6NL08,16724,CC1=CC[C@@H](CC1=O)C(=C)C,0
A6NCV1,16724,CC1=CC[C@@H](CC1=O)C(=C)C,0
Q8NH69,16724,CC1=CC[C@@H](CC1=O)C(=C)C,0
O95222,16724,CC1=CC[C@@H](CC1=O)C(=C)C,0
O95007,16724,CC1=CC[C@@H](CC1=O)C(=C)C,0
Q6IFH4,16724,CC1=CC[C@@H](CC1=O)C(=C)C,0
Q8NGW1,16724,CC1=CC[C@@H](CC1=O)C(=C)C,0
Q96RD1,16724,CC1=CC[C@@H](CC1=O)C(=C)C,0
Q9NZP2,16724,CC1=CC[C@@H](CC1=O)C(=C)C,0
Q8NGG3,16724,CC1=CC[C@@H](CC1=O)C(=C)C,0
Q9NZP0,16724,CC1=CC[C@@H](CC1=O)C(=C)C,0
Q8NGE1,16724,CC1=CC[C@@H](CC1=O)C(=C)C,0
A6NF89,16724,CC1=CC[C@@H](CC1=O)C(=C)C,0
A6NJZ3,16724,CC1=CC[C@@H](CC1=O)C(=C)C,0
A6NDL8,16724,CC1=CC[C@@H](CC1=O)C(=C)C,0
A6NIJ9,16724,CC1=CC[C@@H](CC1=O)C(=C)C,0
Q8NG84,439570,CC1=CC[C@H](CC1=O)C(=C)C,0
Q8NGZ0,439570,CC1=CC[C@H](CC1=O)C(=C)C,0
A6NM03,439570,CC1=CC[C@H](CC1=O)C(=C)C,0
Q9H205,439570,CC1=CC[C@H](CC1=O)C(=C)C,0
Q8NHA4,439570,CC1=CC[C@H](CC1=O)C(=C)C,0
A4D2G3,439570,CC1=CC[C@H](CC1=O)C(=C)C,0
Q96R47,439570,CC1=CC[C@H](CC1=O)C(=C)C,0
Q8NGT7,439570,CC1=CC[C@H](CC1=O)C(=C)C,0
Q96R45,439570,CC1=CC[C@H](CC1=O)C(=C)C,0
Q96R48,439570,CC1=CC[C@H](CC1=O)C(=C)C,0
O95047,439570,CC1=CC[C@H](CC1=O)C(=C)C,0
Q6IF42,439570,CC1=CC[C@H](CC1=O)C(=C)C,0
Q8NGT9,439570,CC1=CC[C@H](CC1=O)C(=C)C,0
Q8NGQ3,439570,CC1=CC[C@H](CC1=O)C(=C)C,0
Q8NH92,439570,CC1=CC[C@H](CC1=O)C(=C)C,0
Q15612,439570,CC1=CC[C@H](CC1=O)C(=C)C,0
Q8NH06,439570,CC1=CC[C@H](CC1=O)C(=C)C,0
Q8NGR9,439570,CC1=CC[C@H](CC1=O)C(=C)C,0
Q8NGS0,439570,CC1=CC[C@H](CC1=O)C(=C)C,0
Q8NGA1,439570,CC1=CC[C@H](CC1=O)C(=C)C,0
Q8NGR8,439570,CC1=CC[C@H](CC1=O)C(=C)C,0
Q8NGR2,439570,CC1=CC[C@H](CC1=O)C(=C)C,0
A6NND4,439570,CC1=CC[C@H](CC1=O)C(=C)C,0
Q9GZK3,439570,CC1=CC[C@H](CC1=O)C(=C)C,0
O76000,439570,CC1=CC[C@H](CC1=O)C(=C)C,0
P58173,439570,CC1=CC[C@H](CC1=O)C(=C)C,0
Q96R27,439570,CC1=CC[C@H](CC1=O)C(=C)C,0
Q8NG83,439570,CC1=CC[C@H](CC1=O)C(=C)C,0
Q96R28,439570,CC1=CC[C@H](CC1=O)C(=C)C,0
Q8N349,439570,CC1=CC[C@H](CC1=O)C(=C)C,0
Q8NGY9,439570,CC1=CC[C@H](CC1=O)C(=C)C,0
Q8NG80,439570,CC1=CC[C@H](CC1=O)C(=C)C,0
Q8NG85,439570,CC1=CC[C@H](CC1=O)C(=C)C,0
Q8NH16,439570,CC1=CC[C@H](CC1=O)C(=C)C,0
Q8NGT1,439570,CC1=CC[C@H](CC1=O)C(=C)C,0
O76001,439570,CC1=CC[C@H](CC1=O)C(=C)C,0
O76002,439570,CC1=CC[C@H](CC1=O)C(=C)C,0
Q8NGR5,439570,CC1=CC[C@H](CC1=O)C(=C)C,0
Q9GZK6,439570,CC1=CC[C@H](CC1=O)C(=C)C,0
Q9GZK4,439570,CC1=CC[C@H](CC1=O)C(=C)C,0
Q5TZ20,439570,CC1=CC[C@H](CC1=O)C(=C)C,0
Q8NGZ4,439570,CC1=CC[C@H](CC1=O)C(=C)C,0
Q8NGZ5,439570,CC1=CC[C@H](CC1=O)C(=C)C,0
O95006,439570,CC1=CC[C@H](CC1=O)C(=C)C,0
Q13607,439570,CC1=CC[C@H](CC1=O)C(=C)C,0
Q8NGH3,439570,CC1=CC[C@H](CC1=O)C(=C)C,0
Q9H210,439570,CC1=CC[C@H](CC1=O)C(=C)C,0
Q8N628,439570,CC1=CC[C@H](CC1=O)C(=C)C,0
O95371,439570,CC1=CC[C@H](CC1=O)C(=C)C,0
Q5JQS5,439570,CC1=CC[C@H](CC1=O)C(=C)C,0
O95918,439570,CC1=CC[C@H](CC1=O)C(=C)C,0
Q8NH93,439570,CC1=CC[C@H](CC1=O)C(=C)C,0
Q8NGR3,439570,CC1=CC[C@H](CC1=O)C(=C)C,0
Q96R08,16724,CC1=CC[C@@H](CC1=O)C(=C)C,0
Q8NGF7,16724,CC1=CC[C@@H](CC1=O)C(=C)C,0
A6NL26,16724,CC1=CC[C@@H](CC1=O)C(=C)C,0
Q8NGR4,16724,CC1=CC[C@@H](CC1=O)C(=C)C,0
Q8NGL4,16724,CC1=CC[C@@H](CC1=O)C(=C)C,0
Q8NGL3,16724,CC1=CC[C@@H](CC1=O)C(=C)C,0
Q8NGK9,16724,CC1=CC[C@@H](CC1=O)C(=C)C,0
Q8NGL1,16724,CC1=CC[C@@H](CC1=O)C(=C)C,0
O95221,16724,CC1=CC[C@@H](CC1=O)C(=C)C,0
A6NKK0,16724,CC1=CC[C@@H](CC1=O)C(=C)C,0
Q8NGV7,16724,CC1=CC[C@@H](CC1=O)C(=C)C,0
Q8NGV6,16724,CC1=CC[C@@H](CC1=O)C(=C)C,0
A6NHG9,16724,CC1=CC[C@@H](CC1=O)C(=C)C,0
Q8NH48,16724,CC1=CC[C@@H](CC1=O)C(=C)C,0
Q96R09,16724,CC1=CC[C@@H](CC1=O)C(=C)C,0
Q8NGC0,16724,CC1=CC[C@@H](CC1=O)C(=C)C,0
Q8N127,16724,CC1=CC[C@@H](CC1=O)C(=C)C,0
Q8NGS1,439570,CC1=CC[C@H](CC1=O)C(=C)C,0
Q8NGS2,439570,CC1=CC[C@H](CC1=O)C(=C)C,0
Q8NGS3,439570,CC1=CC[C@H](CC1=O)C(=C)C,0
O60431,439570,CC1=CC[C@H](CC1=O)C(=C)C,0
P47890,439570,CC1=CC[C@H](CC1=O)C(=C)C,0
O43749,439570,CC1=CC[C@H](CC1=O)C(=C)C,0
Q8WZA6,439570,CC1=CC[C@H](CC1=O)C(=C)C,0
P47887,439570,CC1=CC[C@H](CC1=O)C(=C)C,0
P30953,439570,CC1=CC[C@H](CC1=O)C(=C)C,0
P58170,439570,CC1=CC[C@H](CC1=O)C(=C)C,0
P47884,439570,CC1=CC[C@H](CC1=O)C(=C)C,0
Q8NH94,439570,CC1=CC[C@H](CC1=O)C(=C)C,0
Q8NGI9,16724,CC1=CC[C@@H](CC1=O)C(=C)C,0
Q8NGR6,439570,CC1=CC[C@H](CC1=O)C(=C)C,0
Q9Y585,439570,CC1=CC[C@H](CC1=O)C(=C)C,0
Q9NZP5,16724,CC1=CC[C@@H](CC1=O)C(=C)C,0
Q8NH90,16724,CC1=CC[C@@H](CC1=O)C(=C)C,0
Q8NGI8,16724,CC1=CC[C@@H](CC1=O)C(=C)C,0
Q8NGF4,16724,CC1=CC[C@@H](CC1=O)C(=C)C,0
Q8NGP9,16724,CC1=CC[C@@H](CC1=O)C(=C)C,0
Q15619,439570,CC1=CC[C@H](CC1=O)C(=C)C,0
Q8N148,16724,CC1=CC[C@@H](CC1=O)C(=C)C,0
Q8NH79,16724,CC1=CC[C@@H](CC1=O)C(=C)C,0
Q8NGX8,16724,CC1=CC[C@@H](CC1=O)C(=C)C,0
,14228,CCCCCCCC(=O)OCCCCCC,0
Q6IF99,16724,CC1=CC[C@@H](CC1=O)C(=C)C,0
Q8NGE3,16724,CC1=CC[C@@H](CC1=O)C(=C)C,0
Q8NGQ4,16724,CC1=CC[C@@H](CC1=O)C(=C)C,0
Q8NGX6,16724,CC1=CC[C@@H](CC1=O)C(=C)C,0
Q8NGN2,16724,CC1=CC[C@@H](CC1=O)C(=C)C,0
,17429,C1CCN(CC1)C=O,0
Q8NGX3,16724,CC1=CC[C@@H](CC1=O)C(=C)C,0
Q8NGI7,16724,CC1=CC[C@@H](CC1=O)C(=C)C,0
,64805,CC(CC1=CC2=C(C=C1)OCO2)C=O,0
,241,C1=CC=CC=C1,0
Q9Y4A9,16724,CC1=CC[C@@H](CC1=O)C(=C)C,0
O60403,16724,CC1=CC[C@@H](CC1=O)C(=C)C,0
,22227,C[C@@H]1CC[C@H](CC1=O)C(=C)C,0
O60404,16724,CC1=CC[C@@H](CC1=O)C(=C)C,0
Q8NGA5,16724,CC1=CC[C@@H](CC1=O)C(=C)C,0
Q8NGA6,16724,CC1=CC[C@@H](CC1=O)C(=C)C,0
P30954,16724,CC1=CC[C@@H](CC1=O)C(=C)C,0
Q5JRS4,16724,CC1=CC[C@@H](CC1=O)C(=C)C,0
Q8NHC4,16724,CC1=CC[C@@H](CC1=O)C(=C)C,0
Q8NGX5,16724,CC1=CC[C@@H](CC1=O)C(=C)C,0
,228987,CC(CC1=CC=C(C=C1)C(C)(C)C)C=O,0
Q8NGC7,16724,CC1=CC[C@@H](CC1=O)C(=C)C,0
B2RN74,16724,CC1=CC[C@@H](CC1=O)C(=C)C,0
Q8NGX0,16724,CC1=CC[C@@H](CC1=O)C(=C)C,0
P58182,16724,CC1=CC[C@@H](CC1=O)C(=C)C,0
Q9UGF7,16724,CC1=CC[C@@H](CC1=O)C(=C)C,0
,8091,CCCCCCCC(=O)OC,0
Q8NGR1,16724,CC1=CC[C@@H](CC1=O)C(=C)C,0
,443157,C[C@@H](CCC=C(C)C)CC=O,0
Q8NGS9,16724,CC1=CC[C@@H](CC1=O)C(=C)C,0
Q8NGS6,16724,CC1=CC[C@@H](CC1=O)C(=C)C,0
,7463,CC1=CC=C(C=C1)C(C)C,0
,8094,CCCCCCC(=O)O,0
Q8NGC9,16724,CC1=CC[C@@H](CC1=O)C(=C)C,0
,638014,CC1=C(C(CCC1)(C)C)/C=C/C(=O)C,0
Q8NG94,16724,CC1=CC[C@@H](CC1=O)C(=C)C,0
Q8NGF6,16724,CC1=CC[C@@H](CC1=O)C(=C)C,0
Q8NGY0,16724,CC1=CC[C@@H](CC1=O)C(=C)C,0
Q8NGY1,16724,CC1=CC[C@@H](CC1=O)C(=C)C,0
,10558,CC(C)CS,0
,31358,CC1(CC(=O)CC(=O)C1)C,0
Q9GZK7,16724,CC1=CC[C@@H](CC1=O)C(=C)C,0
Q8NGC1,16724,CC1=CC[C@@H](CC1=O)C(=C)C,0
Q8NGN4,16724,CC1=CC[C@@H](CC1=O)C(=C)C,0
Q8NGN5,16724,CC1=CC[C@@H](CC1=O)C(=C)C,0
Q8NGM9,16724,CC1=CC[C@@H](CC1=O)C(=C)C,0
Q15617,16724,CC1=CC[C@@H](CC1=O)C(=C)C,0
Q6IF36,16724,CC1=CC[C@@H](CC1=O)C(=C)C,0
Q8NG78,16724,CC1=CC[C@@H](CC1=O)C(=C)C,0
Q8NGG4,16724,CC1=CC[C@@H](CC1=O)C(=C)C,0
Q8N162,16724,CC1=CC[C@@H](CC1=O)C(=C)C,0
Q8N146,16724,CC1=CC[C@@H](CC1=O)C(=C)C,0
Q8N0Y5,16724,CC1=CC[C@@H](CC1=O)C(=C)C,0
Q8NGP2,16724,CC1=CC[C@@H](CC1=O)C(=C)C,0
Q8NGG0,16724,CC1=CC[C@@H](CC1=O)C(=C)C,0
Q8NGG5,16724,CC1=CC[C@@H](CC1=O)C(=C)C,0
,957,CCCCCCCCO,0
,1049,C1=CC=NC=C1,0
,2266,C(CCCC(=O)O)CCCC(=O)O,0
Q9GZM6,16724,CC1=CC[C@@H](CC1=O)C(=C)C,0
Q8WZ84,16724,CC1=CC[C@@H](CC1=O)C(=C)C,0
Q8NGG6,16724,CC1=CC[C@@H](CC1=O)C(=C)C,0
Q15620,16724,CC1=CC[C@@H](CC1=O)C(=C)C,0
Q15622,16724,CC1=CC[C@@H](CC1=O)C(=C)C,0
O76100,16724,CC1=CC[C@@H](CC1=O)C(=C)C,0
O14581,16724,CC1=CC[C@@H](CC1=O)C(=C)C,0
O76099,16724,CC1=CC[C@@H](CC1=O)C(=C)C,0
O60412,16724,CC1=CC[C@@H](CC1=O)C(=C)C,0
Q96RA2,16724,CC1=CC[C@@H](CC1=O)C(=C)C,0
,193087,CCCC(=CC(=O)O)C,0
Q8NG98,16724,CC1=CC[C@@H](CC1=O)C(=C)C,0
Q6IFN5,16724,CC1=CC[C@@H](CC1=O)C(=C)C,0
Q8NH51,16724,CC1=CC[C@@H](CC1=O)C(=C)C,0
Q8NGA0,16724,CC1=CC[C@@H](CC1=O)C(=C)C,0
Q8NG95,16724,CC1=CC[C@@H](CC1=O)C(=C)C,0
Q8NGG7,16724,CC1=CC[C@@H](CC1=O)C(=C)C,0
Q96RD0,16724,CC1=CC[C@@H](CC1=O)C(=C)C,0
Q8NGG8,16724,CC1=CC[C@@H](CC1=O)C(=C)C,0
Q96RC9,16724,CC1=CC[C@@H](CC1=O)C(=C)C,0
Q8NG99,16724,CC1=CC[C@@H](CC1=O)C(=C)C,0
Q8NH50,16724,CC1=CC[C@@H](CC1=O)C(=C)C,0
Q8NH10,16724,CC1=CC[C@@H](CC1=O)C(=C)C,0
Q8NGE5,16724,CC1=CC[C@@H](CC1=O)C(=C)C,0
Q8NGE0,16724,CC1=CC[C@@H](CC1=O)C(=C)C,0
Q8NH19,16724,CC1=CC[C@@H](CC1=O)C(=C)C,0
Q96KK4,16724,CC1=CC[C@@H](CC1=O)C(=C)C,0
Q8NGC3,16724,CC1=CC[C@@H](CC1=O)C(=C)C,0
Q8NGC4,16724,CC1=CC[C@@H](CC1=O)C(=C)C,0
Q9H207,16724,CC1=CC[C@@H](CC1=O)C(=C)C,0
Q8NGN3,16724,CC1=CC[C@@H](CC1=O)C(=C)C,0
Q8NH81,16724,CC1=CC[C@@H](CC1=O)C(=C)C,0
Q8NGN6,16724,CC1=CC[C@@H](CC1=O)C(=C)C,0
A3KFT3,439570,CC1=CC[C@H](CC1=O)C(=C)C,0
Q9H209,16724,CC1=CC[C@@H](CC1=O)C(=C)C,0
P0C7N1,16724,CC1=CC[C@@H](CC1=O)C(=C)C,0
P0C7N5,16724,CC1=CC[C@@H](CC1=O)C(=C)C,0
Q8NGT5,16724,CC1=CC[C@@H](CC1=O)C(=C)C,0
P58181,16724,CC1=CC[C@@H](CC1=O)C(=C)C,0
Q8NGU2,16724,CC1=CC[C@@H](CC1=O)C(=C)C,0
Q8NGQ1,16724,CC1=CC[C@@H](CC1=O)C(=C)C,0
P0C7N8,16724,CC1=CC[C@@H](CC1=O)C(=C)C,0
Q8NGQ6,16724,CC1=CC[C@@H](CC1=O)C(=C)C,0
Q8NGE7,16724,CC1=CC[C@@H](CC1=O)C(=C)C,0
Q8NGQ5,16724,CC1=CC[C@@H](CC1=O)C(=C)C,0
Q8NGE9,16724,CC1=CC[C@@H](CC1=O)C(=C)C,0
Q9H208,16724,CC1=CC[C@@H](CC1=O)C(=C)C,0
Q8NH87,16724,CC1=CC[C@@H](CC1=O)C(=C)C,0
Q8NGS5,16724,CC1=CC[C@@H](CC1=O)C(=C)C,0
Q8NG81,439570,CC1=CC[C@H](CC1=O)C(=C)C,0
O43869,439570,CC1=CC[C@H](CC1=O)C(=C)C,0
Q8NGH5,439570,CC1=CC[C@H](CC1=O)C(=C)C,0
Q6IF63,439570,CC1=CC[C@H](CC1=O)C(=C)C,0
Q8NGF1,439570,CC1=CC[C@H](CC1=O)C(=C)C,0
Q8NH56,439570,CC1=CC[C@H](CC1=O)C(=C)C,0
Q8NGI0,439570,CC1=CC[C@H](CC1=O)C(=C)C,0
Q8NH53,439570,CC1=CC[C@H](CC1=O)C(=C)C,0
Q8NGK5,439570,CC1=CC[C@H](CC1=O)C(=C)C,0
Q8NGH7,439570,CC1=CC[C@H](CC1=O)C(=C)C,0
Q8NGK3,439570,CC1=CC[C@H](CC1=O)C(=C)C,0
Q8NGK4,439570,CC1=CC[C@H](CC1=O)C(=C)C,0
Q8NH60,439570,CC1=CC[C@H](CC1=O)C(=C)C,0
Q8NH67,439570,CC1=CC[C@H](CC1=O)C(=C)C,0
Q8NGK6,439570,CC1=CC[C@H](CC1=O)C(=C)C,0
Q8NGJ2,439570,CC1=CC[C@H](CC1=O)C(=C)C,0
Q6IFG1,439570,CC1=CC[C@H](CC1=O)C(=C)C,0
Q96RD3,439570,CC1=CC[C@H](CC1=O)C(=C)C,0
Q8NGH9,439570,CC1=CC[C@H](CC1=O)C(=C)C,0
Q8NGD0,16724,CC1=CC[C@@H](CC1=O)C(=C)C,0
Q9H346,439570,CC1=CC[C@H](CC1=O)C(=C)C,0
Q8NGF0,439570,CC1=CC[C@H](CC1=O)C(=C)C,0
Q8NGK2,439570,CC1=CC[C@H](CC1=O)C(=C)C,0
Q96RD2,439570,CC1=CC[C@H](CC1=O)C(=C)C,0
Q9H2C5,439570,CC1=CC[C@H](CC1=O)C(=C)C,0
Q8NH54,439570,CC1=CC[C@H](CC1=O)C(=C)C,0
Q8NGH8,439570,CC1=CC[C@H](CC1=O)C(=C)C,0
Q8NGI3,439570,CC1=CC[C@H](CC1=O)C(=C)C,0
Q8NH76,439570,CC1=CC[C@H](CC1=O)C(=C)C,0
Q8NGS0,16724,CC1=CC[C@@H](CC1=O)C(=C)C,0
Q8NGA1,16724,CC1=CC[C@@H](CC1=O)C(=C)C,0
Q8NGR8,16724,CC1=CC[C@@H](CC1=O)C(=C)C,0
Q8NGR2,16724,CC1=CC[C@@H](CC1=O)C(=C)C,0
Q8NGR5,16724,CC1=CC[C@@H](CC1=O)C(=C)C,0
Q8NH93,16724,CC1=CC[C@@H](CC1=O)C(=C)C,0
Q8NH94,16724,CC1=CC[C@@H](CC1=O)C(=C)C,0
Q8NGR3,16724,CC1=CC[C@@H](CC1=O)C(=C)C,0
Q8NGS1,16724,CC1=CC[C@@H](CC1=O)C(=C)C,0
Q8NGS2,16724,CC1=CC[C@@H](CC1=O)C(=C)C,0
Q8NGS3,16724,CC1=CC[C@@H](CC1=O)C(=C)C,0
A6NMU1,439570,CC1=CC[C@H](CC1=O)C(=C)C,0
O60431,16724,CC1=CC[C@@H](CC1=O)C(=C)C,0
O43749,16724,CC1=CC[C@@H](CC1=O)C(=C)C,0
Q8WZA6,16724,CC1=CC[C@@H](CC1=O)C(=C)C,0
P47887,16724,CC1=CC[C@@H](CC1=O)C(=C)C,0
P30953,16724,CC1=CC[C@@H](CC1=O)C(=C)C,0
P58170,16724,CC1=CC[C@@H](CC1=O)C(=C)C,0
P47884,16724,CC1=CC[C@@H](CC1=O)C(=C)C,0
P34982,16724,CC1=CC[C@@H](CC1=O)C(=C)C,0
Q15619,16724,CC1=CC[C@@H](CC1=O)C(=C)C,0
Q8NGR6,16724,CC1=CC[C@@H](CC1=O)C(=C)C,0
Q9Y585,16724,CC1=CC[C@@H](CC1=O)C(=C)C,0
Q8NH43,16724,CC1=CC[C@@H](CC1=O)C(=C)C,0
P47890,16724,CC1=CC[C@@H](CC1=O)C(=C)C,0
Q8NGR9,16724,CC1=CC[C@@H](CC1=O)C(=C)C,0
Q9UKL2,439570,CC1=CC[C@H](CC1=O)C(=C)C,0
Q8NGJ9,439570,CC1=CC[C@H](CC1=O)C(=C)C,0
Q8NGT0,439570,CC1=CC[C@H](CC1=O)C(=C)C,0
Q8NGS7,439570,CC1=CC[C@H](CC1=O)C(=C)C,0
Q8NGS8,439570,CC1=CC[C@H](CC1=O)C(=C)C,0
Q8NGS5,439570,CC1=CC[C@H](CC1=O)C(=C)C,0
Q8NGS6,439570,CC1=CC[C@H](CC1=O)C(=C)C,0
Q8NGS9,439570,CC1=CC[C@H](CC1=O)C(=C)C,0
Q8NGR1,439570,CC1=CC[C@H](CC1=O)C(=C)C,0
Q9UGF7,439570,CC1=CC[C@H](CC1=O)C(=C)C,0
P58182,439570,CC1=CC[C@H](CC1=O)C(=C)C,0
Q8NGX0,439570,CC1=CC[C@H](CC1=O)C(=C)C,0
B2RN74,439570,CC1=CC[C@H](CC1=O)C(=C)C,0
Q8NGC7,439570,CC1=CC[C@H](CC1=O)C(=C)C,0
Q8NGC9,439570,CC1=CC[C@H](CC1=O)C(=C)C,0
Q8NG94,439570,CC1=CC[C@H](CC1=O)C(=C)C,0
Q8NGC1,439570,CC1=CC[C@H](CC1=O)C(=C)C,0
Q9GZK7,439570,CC1=CC[C@H](CC1=O)C(=C)C,0
Q8NGY1,439570,CC1=CC[C@H](CC1=O)C(=C)C,0
Q8NGY0,439570,CC1=CC[C@H](CC1=O)C(=C)C,0
Q8NGF6,439570,CC1=CC[C@H](CC1=O)C(=C)C,0
Q8NGD1,16724,CC1=CC[C@@H](CC1=O)C(=C)C,0
Q8NGX3,439570,CC1=CC[C@H](CC1=O)C(=C)C,0
Q8NGN2,439570,CC1=CC[C@H](CC1=O)C(=C)C,0
Q8NGX6,439570,CC1=CC[C@H](CC1=O)C(=C)C,0
Q8NGV5,439570,CC1=CC[C@H](CC1=O)C(=C)C,0
Q8NGS4,439570,CC1=CC[C@H](CC1=O)C(=C)C,0
Q8NGZ3,439570,CC1=CC[C@H](CC1=O)C(=C)C,0
Q8NG92,439570,CC1=CC[C@H](CC1=O)C(=C)C,0
Q8NGJ8,439570,CC1=CC[C@H](CC1=O)C(=C)C,0
Q8NH59,439570,CC1=CC[C@H](CC1=O)C(=C)C,0
Q9H341,439570,CC1=CC[C@H](CC1=O)C(=C)C,0
Q8NGJ5,439570,CC1=CC[C@H](CC1=O)C(=C)C,0
Q9H342,439570,CC1=CC[C@H](CC1=O)C(=C)C,0
Q9H344,439570,CC1=CC[C@H](CC1=O)C(=C)C,0
Q9H343,439570,CC1=CC[C@H](CC1=O)C(=C)C,0
Q8NGK0,439570,CC1=CC[C@H](CC1=O)C(=C)C,0
Q8NGK1,439570,CC1=CC[C@H](CC1=O)C(=C)C,0
Q8NH61,439570,CC1=CC[C@H](CC1=O)C(=C)C,0
A6NGY5,439570,CC1=CC[C@H](CC1=O)C(=C)C,0
Q9H2C8,439570,CC1=CC[C@H](CC1=O)C(=C)C,0
Q9H255,439570,CC1=CC[C@H](CC1=O)C(=C)C,0
Q8NGF3,439570,CC1=CC[C@H](CC1=O)C(=C)C,0
Q9H340,439570,CC1=CC[C@H](CC1=O)C(=C)C,0
Q9H339,439570,CC1=CC[C@H](CC1=O)C(=C)C,0
Q9Y5P0,439570,CC1=CC[C@H](CC1=O)C(=C)C,0
Q9Y5P1,439570,CC1=CC[C@H](CC1=O)C(=C)C,0
Q8NGB6,16724,CC1=CC[C@@H](CC1=O)C(=C)C,0
Q8NGJ6,439570,CC1=CC[C@H](CC1=O)C(=C)C,0
Q8NGJ7,439570,CC1=CC[C@H](CC1=O)C(=C)C,0
Q8NGZ2,439570,CC1=CC[C@H](CC1=O)C(=C)C,0
Q96R54,439570,CC1=CC[C@H](CC1=O)C(=C)C,0
Q8NGT2,439570,CC1=CC[C@H](CC1=O)C(=C)C,0
Q8TCB6,439570,CC1=CC[C@H](CC1=O)C(=C)C,0
Q8NGQ4,439570,CC1=CC[C@H](CC1=O)C(=C)C,0
Q8NH06,16724,CC1=CC[C@@H](CC1=O)C(=C)C,0
Q8NH92,16724,CC1=CC[C@@H](CC1=O)C(=C)C,0
Q8NH72,16724,CC1=CC[C@@H](CC1=O)C(=C)C,0
Q8NGB2,16724,CC1=CC[C@@H](CC1=O)C(=C)C,0
Q8NH37,16724,CC1=CC[C@@H](CC1=O)C(=C)C,0
Q8NGF8,16724,CC1=CC[C@@H](CC1=O)C(=C)C,0
Q6IF82,16724,CC1=CC[C@@H](CC1=O)C(=C)C,0
Q8NH70,16724,CC1=CC[C@@H](CC1=O)C(=C)C,0
Q8NGL6,16724,CC1=CC[C@@H](CC1=O)C(=C)C,0
Q8NH83,16724,CC1=CC[C@@H](CC1=O)C(=C)C,0
P47883,16724,CC1=CC[C@@H](CC1=O)C(=C)C,0
P47888,16724,CC1=CC[C@@H](CC1=O)C(=C)C,0
P47893,16724,CC1=CC[C@@H](CC1=O)C(=C)C,0
P47881,16724,CC1=CC[C@@H](CC1=O)C(=C)C,0
Q8NG97,16724,CC1=CC[C@@H](CC1=O)C(=C)C,0
A6NFC9,16724,CC1=CC[C@@H](CC1=O)C(=C)C,0
Q7Z3T1,16724,CC1=CC[C@@H](CC1=O)C(=C)C,0
Q9Y3N9,16724,CC1=CC[C@@H](CC1=O)C(=C)C,0
Q96R30,16724,CC1=CC[C@@H](CC1=O)C(=C)C,0
Q8NGX1,16724,CC1=CC[C@@H](CC1=O)C(=C)C,0
Q8NG76,16724,CC1=CC[C@@H](CC1=O)C(=C)C,0
Q8NH02,16724,CC1=CC[C@@H](CC1=O)C(=C)C,0
Q8NH04,16724,CC1=CC[C@@H](CC1=O)C(=C)C,0
Q8NG77,16724,CC1=CC[C@@H](CC1=O)C(=C)C,0
Q8NH01,16724,CC1=CC[C@@H](CC1=O)C(=C)C,0
Q6IEV9,16724,CC1=CC[C@@H](CC1=O)C(=C)C,0
Q96R67,16724,CC1=CC[C@@H](CC1=O)C(=C)C,0
Q8NGP0,16724,CC1=CC[C@@H](CC1=O)C(=C)C,0
Q8NGM1,16724,CC1=CC[C@@H](CC1=O)C(=C)C,0
Q8NH42,16724,CC1=CC[C@@H](CC1=O)C(=C)C,0
Q8NGD2,16724,CC1=CC[C@@H](CC1=O)C(=C)C,0
Q8NGD4,16724,CC1=CC[C@@H](CC1=O)C(=C)C,0
Q8NGC6,16724,CC1=CC[C@@H](CC1=O)C(=C)C,0
O95013,16724,CC1=CC[C@@H](CC1=O)C(=C)C,0
Q8NGA8,16724,CC1=CC[C@@H](CC1=O)C(=C)C,0
Q8NGB8,16724,CC1=CC[C@@H](CC1=O)C(=C)C,0
Q8NGB9,16724,CC1=CC[C@@H](CC1=O)C(=C)C,0
Q8NH21,16724,CC1=CC[C@@H](CC1=O)C(=C)C,0
Q8NGZ9,16724,CC1=CC[C@@H](CC1=O)C(=C)C,0
Q96R69,16724,CC1=CC[C@@H](CC1=O)C(=C)C,0
Q8NGC2,16724,CC1=CC[C@@H](CC1=O)C(=C)C,0
Q8NGI4,16724,CC1=CC[C@@H](CC1=O)C(=C)C,0
Q8NGI6,16724,CC1=CC[C@@H](CC1=O)C(=C)C,0
Q8NGE8,16724,CC1=CC[C@@H](CC1=O)C(=C)C,0
Q8NGJ1,16724,CC1=CC[C@@H](CC1=O)C(=C)C,0
Q8NGN0,16724,CC1=CC[C@@H](CC1=O)C(=C)C,0
P58180,16724,CC1=CC[C@@H](CC1=O)C(=C)C,0
Q15615,16724,CC1=CC[C@@H](CC1=O)C(=C)C,0
A6NHA9,16724,CC1=CC[C@@H](CC1=O)C(=C)C,0
A6NMZ5,16724,CC1=CC[C@@H](CC1=O)C(=C)C,0
Q8NGL9,16724,CC1=CC[C@@H](CC1=O)C(=C)C,0
Q6IEY1,16724,CC1=CC[C@@H](CC1=O)C(=C)C,0
Q15612,16724,CC1=CC[C@@H](CC1=O)C(=C)C,0
A6NH00,16724,CC1=CC[C@@H](CC1=O)C(=C)C,0
Q8NHC8,16724,CC1=CC[C@@H](CC1=O)C(=C)C,0
Q9H210,16724,CC1=CC[C@@H](CC1=O)C(=C)C,0
Q8N628,16724,CC1=CC[C@@H](CC1=O)C(=C)C,0
O95371,16724,CC1=CC[C@@H](CC1=O)C(=C)C,0
Q5JQS5,16724,CC1=CC[C@@H](CC1=O)C(=C)C,0
P58173,16724,CC1=CC[C@@H](CC1=O)C(=C)C,0
O76000,16724,CC1=CC[C@@H](CC1=O)C(=C)C,0
Q9GZK3,16724,CC1=CC[C@@H](CC1=O)C(=C)C,0
A6NND4,16724,CC1=CC[C@@H](CC1=O)C(=C)C,0
Q8NG84,16724,CC1=CC[C@@H](CC1=O)C(=C)C,0
Q8NGZ0,16724,CC1=CC[C@@H](CC1=O)C(=C)C,0
A6NM03,16724,CC1=CC[C@@H](CC1=O)C(=C)C,0
Q9H205,16724,CC1=CC[C@@H](CC1=O)C(=C)C,0
Q8NHA4,16724,CC1=CC[C@@H](CC1=O)C(=C)C,0
A4D2G3,16724,CC1=CC[C@@H](CC1=O)C(=C)C,0
Q96R47,16724,CC1=CC[C@@H](CC1=O)C(=C)C,0
Q8NGT7,16724,CC1=CC[C@@H](CC1=O)C(=C)C,0
Q96R45,16724,CC1=CC[C@@H](CC1=O)C(=C)C,0
Q96R48,16724,CC1=CC[C@@H](CC1=O)C(=C)C,0
O95047,16724,CC1=CC[C@@H](CC1=O)C(=C)C,0
Q6IF42,16724,CC1=CC[C@@H](CC1=O)C(=C)C,0
Q8NGT9,16724,CC1=CC[C@@H](CC1=O)C(=C)C,0
Q8NGQ3,16724,CC1=CC[C@@H](CC1=O)C(=C)C,0
Q8NGH3,16724,CC1=CC[C@@H](CC1=O)C(=C)C,0
Q13607,16724,CC1=CC[C@@H](CC1=O)C(=C)C,0
O95006,16724,CC1=CC[C@@H](CC1=O)C(=C)C,0
Q8NGZ5,16724,CC1=CC[C@@H](CC1=O)C(=C)C,0
Q6IEZ7,16724,CC1=CC[C@@H](CC1=O)C(=C)C,0
Q8NH00,16724,CC1=CC[C@@H](CC1=O)C(=C)C,0
Q8NH03,16724,CC1=CC[C@@H](CC1=O)C(=C)C,0
Q6IF00,16724,CC1=CC[C@@H](CC1=O)C(=C)C,0
O43869,16724,CC1=CC[C@@H](CC1=O)C(=C)C,0
Q9NQN1,16724,CC1=CC[C@@H](CC1=O)C(=C)C,0
Q8NG81,16724,CC1=CC[C@@H](CC1=O)C(=C)C,0
A3KFT3,16724,CC1=CC[C@@H](CC1=O)C(=C)C,0
Q96R27,16724,CC1=CC[C@@H](CC1=O)C(=C)C,0
Q8NG83,16724,CC1=CC[C@@H](CC1=O)C(=C)C,0
Q96R28,16724,CC1=CC[C@@H](CC1=O)C(=C)C,0
P0C7T2,16724,CC1=CC[C@@H](CC1=O)C(=C)C,0
Q8N349,16724,CC1=CC[C@@H](CC1=O)C(=C)C,0
Q8NG80,16724,CC1=CC[C@@H](CC1=O)C(=C)C,0
Q8NG85,16724,CC1=CC[C@@H](CC1=O)C(=C)C,0
Q8NH16,16724,CC1=CC[C@@H](CC1=O)C(=C)C,0
Q8NGT1,16724,CC1=CC[C@@H](CC1=O)C(=C)C,0
O76001,16724,CC1=CC[C@@H](CC1=O)C(=C)C,0
O76002,16724,CC1=CC[C@@H](CC1=O)C(=C)C,0
Q9GZK6,16724,CC1=CC[C@@H](CC1=O)C(=C)C,0
O95918,16724,CC1=CC[C@@H](CC1=O)C(=C)C,0
Q9GZK4,16724,CC1=CC[C@@H](CC1=O)C(=C)C,0
Q5TZ20,16724,CC1=CC[C@@H](CC1=O)C(=C)C,0
Q8NGZ4,16724,CC1=CC[C@@H](CC1=O)C(=C)C,0
Q8NGY9,16724,CC1=CC[C@@H](CC1=O)C(=C)C,0
Q8NGE3,439570,CC1=CC[C@H](CC1=O)C(=C)C,0
Q6IF99,439570,CC1=CC[C@H](CC1=O)C(=C)C,0
Q8NGX5,439570,CC1=CC[C@H](CC1=O)C(=C)C,0
Q8NGI8,439570,CC1=CC[C@H](CC1=O)C(=C)C,0
Q8NH90,439570,CC1=CC[C@H](CC1=O)C(=C)C,0
Q9NZP5,439570,CC1=CC[C@H](CC1=O)C(=C)C,0
Q8NGI9,439570,CC1=CC[C@H](CC1=O)C(=C)C,0
Q8NGJ0,439570,CC1=CC[C@H](CC1=O)C(=C)C,0
Q8NGF9,439570,CC1=CC[C@H](CC1=O)C(=C)C,0
Q8NH49,439570,CC1=CC[C@H](CC1=O)C(=C)C,0
Q8NH73,439570,CC1=CC[C@H](CC1=O)C(=C)C,0
Q8NGB4,439570,CC1=CC[C@H](CC1=O)C(=C)C,0
Q8NH05,439570,CC1=CC[C@H](CC1=O)C(=C)C,0
Q8NGL7,439570,CC1=CC[C@H](CC1=O)C(=C)C,0
Q8IXE1,439570,CC1=CC[C@H](CC1=O)C(=C)C,0
Q8N0Y3,439570,CC1=CC[C@H](CC1=O)C(=C)C,0
Q8NGD1,439570,CC1=CC[C@H](CC1=O)C(=C)C,0
Q8NGB6,439570,CC1=CC[C@H](CC1=O)C(=C)C,0
Q8NGD0,439570,CC1=CC[C@H](CC1=O)C(=C)C,0
Q8NH43,439570,CC1=CC[C@H](CC1=O)C(=C)C,0
Q8NGC6,439570,CC1=CC[C@H](CC1=O)C(=C)C,0
Q8NH41,439570,CC1=CC[C@H](CC1=O)C(=C)C,0
Q8NGD5,439570,CC1=CC[C@H](CC1=O)C(=C)C,0
Q8NH42,439570,CC1=CC[C@H](CC1=O)C(=C)C,0
Q8NGD2,439570,CC1=CC[C@H](CC1=O)C(=C)C,0
Q8NGD4,439570,CC1=CC[C@H](CC1=O)C(=C)C,0
Q8NGF4,439570,CC1=CC[C@H](CC1=O)C(=C)C,0
Q8NGP9,439570,CC1=CC[C@H](CC1=O)C(=C)C,0
Q8N127,439570,CC1=CC[C@H](CC1=O)C(=C)C,0
Q8NGC0,439570,CC1=CC[C@H](CC1=O)C(=C)C,0
Q8NGL0,439570,CC1=CC[C@H](CC1=O)C(=C)C,0
Q8NGL2,439570,CC1=CC[C@H](CC1=O)C(=C)C,0
A6NMS3,439570,CC1=CC[C@H](CC1=O)C(=C)C,0
A6NET4,439570,CC1=CC[C@H](CC1=O)C(=C)C,0
Q8NHB8,439570,CC1=CC[C@H](CC1=O)C(=C)C,0
Q8NH49,16724,CC1=CC[C@@H](CC1=O)C(=C)C,0
Q8NH18,439570,CC1=CC[C@H](CC1=O)C(=C)C,0
Q13606,439570,CC1=CC[C@H](CC1=O)C(=C)C,0
A6NDH6,439570,CC1=CC[C@H](CC1=O)C(=C)C,0
A6NHG9,439570,CC1=CC[C@H](CC1=O)C(=C)C,0
Q8NGV6,439570,CC1=CC[C@H](CC1=O)C(=C)C,0
Q8NGV7,439570,CC1=CC[C@H](CC1=O)C(=C)C,0
O95221,439570,CC1=CC[C@H](CC1=O)C(=C)C,0
Q8NGL1,439570,CC1=CC[C@H](CC1=O)C(=C)C,0
Q8NGK9,439570,CC1=CC[C@H](CC1=O)C(=C)C,0
Q8NGL3,439570,CC1=CC[C@H](CC1=O)C(=C)C,0
Q8NGL4,439570,CC1=CC[C@H](CC1=O)C(=C)C,0
Q8NGR4,439570,CC1=CC[C@H](CC1=O)C(=C)C,0
A6NL26,439570,CC1=CC[C@H](CC1=O)C(=C)C,0
Q8NGF7,439570,CC1=CC[C@H](CC1=O)C(=C)C,0
Q96R08,439570,CC1=CC[C@H](CC1=O)C(=C)C,0
Q8NH48,439570,CC1=CC[C@H](CC1=O)C(=C)C,0
Q96R09,439570,CC1=CC[C@H](CC1=O)C(=C)C,0
A6NKK0,439570,CC1=CC[C@H](CC1=O)C(=C)C,0
Q8NGP8,439570,CC1=CC[C@H](CC1=O)C(=C)C,0
O95013,439570,CC1=CC[C@H](CC1=O)C(=C)C,0
P47883,439570,CC1=CC[C@H](CC1=O)C(=C)C,0
P47888,439570,CC1=CC[C@H](CC1=O)C(=C)C,0
P47893,439570,CC1=CC[C@H](CC1=O)C(=C)C,0
P47881,439570,CC1=CC[C@H](CC1=O)C(=C)C,0
Q8NG97,439570,CC1=CC[C@H](CC1=O)C(=C)C,0
A6NFC9,439570,CC1=CC[C@H](CC1=O)C(=C)C,0
Q7Z3T1,439570,CC1=CC[C@H](CC1=O)C(=C)C,0
Q8NGJ0,16724,CC1=CC[C@@H](CC1=O)C(=C)C,0
Q96R30,439570,CC1=CC[C@H](CC1=O)C(=C)C,0
Q8NGX1,439570,CC1=CC[C@H](CC1=O)C(=C)C,0
Q8NG76,439570,CC1=CC[C@H](CC1=O)C(=C)C,0
Q8NH02,439570,CC1=CC[C@H](CC1=O)C(=C)C,0
Q8NH04,439570,CC1=CC[C@H](CC1=O)C(=C)C,0
Q8NG77,439570,CC1=CC[C@H](CC1=O)C(=C)C,0
Q8NH01,439570,CC1=CC[C@H](CC1=O)C(=C)C,0
Q8NGZ9,439570,CC1=CC[C@H](CC1=O)C(=C)C,0
A6NH00,439570,CC1=CC[C@H](CC1=O)C(=C)C,0
P0C7T2,439570,CC1=CC[C@H](CC1=O)C(=C)C,0
Q8NHC8,439570,CC1=CC[C@H](CC1=O)C(=C)C,0
Q6IEZ7,439570,CC1=CC[C@H](CC1=O)C(=C)C,0
Q8NH00,439570,CC1=CC[C@H](CC1=O)C(=C)C,0
Q8NH03,439570,CC1=CC[C@H](CC1=O)C(=C)C,0
Q6IF00,439570,CC1=CC[C@H](CC1=O)C(=C)C,0
Q8NH83,439570,CC1=CC[C@H](CC1=O)C(=C)C,0
Q8NGL6,439570,CC1=CC[C@H](CC1=O)C(=C)C,0
Q8NH70,439570,CC1=CC[C@H](CC1=O)C(=C)C,0
Q6IF82,439570,CC1=CC[C@H](CC1=O)C(=C)C,0
Q8NGB8,439570,CC1=CC[C@H](CC1=O)C(=C)C,0
Q8NGF9,16724,CC1=CC[C@@H](CC1=O)C(=C)C,0
Q8NH21,439570,CC1=CC[C@H](CC1=O)C(=C)C,0
Q96R69,439570,CC1=CC[C@H](CC1=O)C(=C)C,0
Q6IEY1,439570,CC1=CC[C@H](CC1=O)C(=C)C,0
Q8NGC2,439570,CC1=CC[C@H](CC1=O)C(=C)C,0
Q8NGI4,439570,CC1=CC[C@H](CC1=O)C(=C)C,0
Q8NGI6,439570,CC1=CC[C@H](CC1=O)C(=C)C,0
Q8NGE8,439570,CC1=CC[C@H](CC1=O)C(=C)C,0
Q8NGJ1,439570,CC1=CC[C@H](CC1=O)C(=C)C,0
Q8NGN0,439570,CC1=CC[C@H](CC1=O)C(=C)C,0
Q8NGA8,439570,CC1=CC[C@H](CC1=O)C(=C)C,0
P58180,439570,CC1=CC[C@H](CC1=O)C(=C)C,0
A6NHA9,439570,CC1=CC[C@H](CC1=O)C(=C)C,0
A6NMZ5,439570,CC1=CC[C@H](CC1=O)C(=C)C,0
Q8NGL9,439570,CC1=CC[C@H](CC1=O)C(=C)C,0
Q8NGM1,439570,CC1=CC[C@H](CC1=O)C(=C)C,0
Q8NGP0,439570,CC1=CC[C@H](CC1=O)C(=C)C,0
Q96R67,439570,CC1=CC[C@H](CC1=O)C(=C)C,0
Q6IEV9,439570,CC1=CC[C@H](CC1=O)C(=C)C,0
Q8NH72,439570,CC1=CC[C@H](CC1=O)C(=C)C,0
Q8NGB2,439570,CC1=CC[C@H](CC1=O)C(=C)C,0
Q8NH37,439570,CC1=CC[C@H](CC1=O)C(=C)C,0
Q8NGF8,439570,CC1=CC[C@H](CC1=O)C(=C)C,0
Q15615,439570,CC1=CC[C@H](CC1=O)C(=C)C,0
Q8NGP4,439570,CC1=CC[C@H](CC1=O)C(=C)C,0
Q8NGP6,439570,CC1=CC[C@H](CC1=O)C(=C)C,0
Q8NGP3,439570,CC1=CC[C@H](CC1=O)C(=C)C,0
P0C7N8,439570,CC1=CC[C@H](CC1=O)C(=C)C,0
Q8NGQ1,439570,CC1=CC[C@H](CC1=O)C(=C)C,0
Q8NH87,439570,CC1=CC[C@H](CC1=O)C(=C)C,0
Q8NGU2,439570,CC1=CC[C@H](CC1=O)C(=C)C,0
Q8NGT5,439570,CC1=CC[C@H](CC1=O)C(=C)C,0
P0C7N5,439570,CC1=CC[C@H](CC1=O)C(=C)C,0
P0C7N1,439570,CC1=CC[C@H](CC1=O)C(=C)C,0
Q8NH10,439570,CC1=CC[C@H](CC1=O)C(=C)C,0
Q8NH50,439570,CC1=CC[C@H](CC1=O)C(=C)C,0
Q8NH51,439570,CC1=CC[C@H](CC1=O)C(=C)C,0
Q8NGG5,439570,CC1=CC[C@H](CC1=O)C(=C)C,0
Q8NGG0,439570,CC1=CC[C@H](CC1=O)C(=C)C,0
Q8NGP2,439570,CC1=CC[C@H](CC1=O)C(=C)C,0
Q8N0Y5,439570,CC1=CC[C@H](CC1=O)C(=C)C,0
Q8N146,439570,CC1=CC[C@H](CC1=O)C(=C)C,0
Q8N162,439570,CC1=CC[C@H](CC1=O)C(=C)C,0
Q8NGL7,16724,CC1=CC[C@@H](CC1=O)C(=C)C,0
Q8NG78,439570,CC1=CC[C@H](CC1=O)C(=C)C,0
Q6IF36,439570,CC1=CC[C@H](CC1=O)C(=C)C,0
Q15617,439570,CC1=CC[C@H](CC1=O)C(=C)C,0
Q8NGM9,439570,CC1=CC[C@H](CC1=O)C(=C)C,0
Q9GZM6,439570,CC1=CC[C@H](CC1=O)C(=C)C,0
Q8WZ84,439570,CC1=CC[C@H](CC1=O)C(=C)C,0
Q8NGQ6,439570,CC1=CC[C@H](CC1=O)C(=C)C,0
Q8NGE7,439570,CC1=CC[C@H](CC1=O)C(=C)C,0
Q8NGQ5,439570,CC1=CC[C@H](CC1=O)C(=C)C,0
Q8NGE9,439570,CC1=CC[C@H](CC1=O)C(=C)C,0
Q8NHC4,439570,CC1=CC[C@H](CC1=O)C(=C)C,0
Q5JRS4,439570,CC1=CC[C@H](CC1=O)C(=C)C,0
P30954,439570,CC1=CC[C@H](CC1=O)C(=C)C,0
Q8NGA6,439570,CC1=CC[C@H](CC1=O)C(=C)C,0
Q8NGA5,439570,CC1=CC[C@H](CC1=O)C(=C)C,0
O60404,439570,CC1=CC[C@H](CC1=O)C(=C)C,0
O60403,439570,CC1=CC[C@H](CC1=O)C(=C)C,0
Q9Y4A9,439570,CC1=CC[C@H](CC1=O)C(=C)C,0
Q8NGN4,439570,CC1=CC[C@H](CC1=O)C(=C)C,0
Q8NGN5,439570,CC1=CC[C@H](CC1=O)C(=C)C,0
Q8NGN6,439570,CC1=CC[C@H](CC1=O)C(=C)C,0
Q8NGG6,439570,CC1=CC[C@H](CC1=O)C(=C)C,0
Q8NH81,439570,CC1=CC[C@H](CC1=O)C(=C)C,0
Q8NGC4,439570,CC1=CC[C@H](CC1=O)C(=C)C,0
Q8NGC3,439570,CC1=CC[C@H](CC1=O)C(=C)C,0
Q96KK4,439570,CC1=CC[C@H](CC1=O)C(=C)C,0
Q8NH19,439570,CC1=CC[C@H](CC1=O)C(=C)C,0
Q8NGE0,439570,CC1=CC[C@H](CC1=O)C(=C)C,0
Q8NGE5,439570,CC1=CC[C@H](CC1=O)C(=C)C,0
Q8IXE1,16724,CC1=CC[C@@H](CC1=O)C(=C)C,0
Q9H207,439570,CC1=CC[C@H](CC1=O)C(=C)C,0
Q9H209,439570,CC1=CC[C@H](CC1=O)C(=C)C,0
P58181,439570,CC1=CC[C@H](CC1=O)C(=C)C,0
Q9H208,439570,CC1=CC[C@H](CC1=O)C(=C)C,0
Q8N0Y3,16724,CC1=CC[C@@H](CC1=O)C(=C)C,0
Q15620,439570,CC1=CC[C@H](CC1=O)C(=C)C,0
Q96RC9,439570,CC1=CC[C@H](CC1=O)C(=C)C,0
Q8NH05,16724,CC1=CC[C@@H](CC1=O)C(=C)C,0
A6NL08,439570,CC1=CC[C@H](CC1=O)C(=C)C,0
A6NCV1,439570,CC1=CC[C@H](CC1=O)C(=C)C,0
A6NIJ9,439570,CC1=CC[C@H](CC1=O)C(=C)C,0
A6NDL8,439570,CC1=CC[C@H](CC1=O)C(=C)C,0
A6NJZ3,439570,CC1=CC[C@H](CC1=O)C(=C)C,0
A6NF89,439570,CC1=CC[C@H](CC1=O)C(=C)C,0
Q8NGE1,439570,CC1=CC[C@H](CC1=O)C(=C)C,0
Q9NZP0,439570,CC1=CC[C@H](CC1=O)C(=C)C,0
Q9NZP2,439570,CC1=CC[C@H](CC1=O)C(=C)C,0
Q96RD1,439570,CC1=CC[C@H](CC1=O)C(=C)C,0
Q8NGW1,439570,CC1=CC[C@H](CC1=O)C(=C)C,0
A6NM76,439570,CC1=CC[C@H](CC1=O)C(=C)C,0
Q6IFH4,439570,CC1=CC[C@H](CC1=O)C(=C)C,0
O95222,439570,CC1=CC[C@H](CC1=O)C(=C)C,0
Q8NH69,439570,CC1=CC[C@H](CC1=O)C(=C)C,0
Q9UGF6,439570,CC1=CC[C@H](CC1=O)C(=C)C,0
Q8NGG3,439570,CC1=CC[C@H](CC1=O)C(=C)C,0
Q8NGG2,439570,CC1=CC[C@H](CC1=O)C(=C)C,0
Q8NG75,439570,CC1=CC[C@H](CC1=O)C(=C)C,0
Q8NH85,439570,CC1=CC[C@H](CC1=O)C(=C)C,0
Q8NH73,16724,CC1=CC[C@@H](CC1=O)C(=C)C,0
Q8WZ92,439570,CC1=CC[C@H](CC1=O)C(=C)C,0
Q96RB7,439570,CC1=CC[C@H](CC1=O)C(=C)C,0
Q6IEU7,439570,CC1=CC[C@H](CC1=O)C(=C)C,0
O95007,439570,CC1=CC[C@H](CC1=O)C(=C)C,0
Q9NQN1,439570,CC1=CC[C@H](CC1=O)C(=C)C,0
Q8NGZ6,439570,CC1=CC[C@H](CC1=O)C(=C)C,0
Q8NGY2,439570,CC1=CC[C@H](CC1=O)C(=C)C,0
Q96RD0,439570,CC1=CC[C@H](CC1=O)C(=C)C,0
Q8NGG7,439570,CC1=CC[C@H](CC1=O)C(=C)C,0
Q8NG95,439570,CC1=CC[C@H](CC1=O)C(=C)C,0
Q8NG99,439570,CC1=CC[C@H](CC1=O)C(=C)C,0
Q8NGA0,439570,CC1=CC[C@H](CC1=O)C(=C)C,0
Q6IFN5,439570,CC1=CC[C@H](CC1=O)C(=C)C,0
Q8NG98,439570,CC1=CC[C@H](CC1=O)C(=C)C,0
Q96RA2,439570,CC1=CC[C@H](CC1=O)C(=C)C,0
O60412,439570,CC1=CC[C@H](CC1=O)C(=C)C,0
O76099,439570,CC1=CC[C@H](CC1=O)C(=C)C,0
O14581,439570,CC1=CC[C@H](CC1=O)C(=C)C,0
Q8NGC5,439570,CC1=CC[C@H](CC1=O)C(=C)C,0
O76100,439570,CC1=CC[C@H](CC1=O)C(=C)C,0
Q8NGX8,439570,CC1=CC[C@H](CC1=O)C(=C)C,0
Q8NH79,439570,CC1=CC[C@H](CC1=O)C(=C)C,0
Q8N148,439570,CC1=CC[C@H](CC1=O)C(=C)C,0
Q8NGN1,439570,CC1=CC[C@H](CC1=O)C(=C)C,0
Q8NH40,439570,CC1=CC[C@H](CC1=O)C(=C)C,0
Q8NGQ2,439570,CC1=CC[C@H](CC1=O)C(=C)C,0
Q8NGY6,439570,CC1=CC[C@H](CC1=O)C(=C)C,0
Q8NGB4,16724,CC1=CC[C@@H](CC1=O)C(=C)C,0
Q8NGM8,439570,CC1=CC[C@H](CC1=O)C(=C)C,0
Q8NGW6,439570,CC1=CC[C@H](CC1=O)C(=C)C,0
Q8NGY3,439570,CC1=CC[C@H](CC1=O)C(=C)C,0
Q15622,439570,CC1=CC[C@H](CC1=O)C(=C)C,0
Q8NGS8,16724,CC1=CC[C@@H](CC1=O)C(=C)C,0
Q8NGS7,16724,CC1=CC[C@@H](CC1=O)C(=C)C,0
Q6IF42,5281167,CC/C=C\CCO,0
O95047,5281167,CC/C=C\CCO,0
Q96R48,5281167,CC/C=C\CCO,0
Q8NH92,5281167,CC/C=C\CCO,0
Q8NGQ3,5281167,CC/C=C\CCO,0
Q8NGT7,5281167,CC/C=C\CCO,0
Q96R47,5281167,CC/C=C\CCO,0
Q96R45,5281167,CC/C=C\CCO,0
A4D2G3,5281167,CC/C=C\CCO,0
O43749,5281167,CC/C=C\CCO,0
P47890,5281167,CC/C=C\CCO,0
O60431,5281167,CC/C=C\CCO,0
Q8NGS3,5281167,CC/C=C\CCO,0
Q8NGS2,5281167,CC/C=C\CCO,0
Q8NGS1,5281167,CC/C=C\CCO,0
P47887,5281167,CC/C=C\CCO,0
Q8WZA6,5281167,CC/C=C\CCO,0
Q8NGR8,5281167,CC/C=C\CCO,0
Q8NGA1,5281167,CC/C=C\CCO,0
Q8NGS0,5281167,CC/C=C\CCO,0
Q8NGR9,5281167,CC/C=C\CCO,0
Q8NH06,5281167,CC/C=C\CCO,0
Q15612,5281167,CC/C=C\CCO,0
Q8NGR2,5281167,CC/C=C\CCO,0
Q8NGR3,5281167,CC/C=C\CCO,0
Q8NH94,5281167,CC/C=C\CCO,0
Q8NH93,5281167,CC/C=C\CCO,0
Q8NGR5,5281167,CC/C=C\CCO,0
Q5TZ20,5281167,CC/C=C\CCO,0
Q9GZK4,5281167,CC/C=C\CCO,0
O95918,5281167,CC/C=C\CCO,0
Q9H205,5281167,CC/C=C\CCO,0
A6NM03,5281167,CC/C=C\CCO,0
Q8NGZ0,5281167,CC/C=C\CCO,0
Q8NG84,5281167,CC/C=C\CCO,0
A6NND4,5281167,CC/C=C\CCO,0
Q9GZK3,5281167,CC/C=C\CCO,0
O76000,5281167,CC/C=C\CCO,0
P58173,5281167,CC/C=C\CCO,0
Q8NHA4,5281167,CC/C=C\CCO,0
Q8NGT9,5281167,CC/C=C\CCO,0
Q5JQS5,5281167,CC/C=C\CCO,0
O95371,5281167,CC/C=C\CCO,0
Q9H210,5281167,CC/C=C\CCO,0
Q8NGH3,5281167,CC/C=C\CCO,0
Q13607,5281167,CC/C=C\CCO,0
O95006,5281167,CC/C=C\CCO,0
Q8NGZ5,5281167,CC/C=C\CCO,0
Q8NGZ4,5281167,CC/C=C\CCO,0
Q8N628,5281167,CC/C=C\CCO,0
P30953,5281167,CC/C=C\CCO,0
P58170,5281167,CC/C=C\CCO,0
Q8NGJ9,16724,CC1=CC[C@@H](CC1=O)C(=C)C,0
Q9H2C8,16724,CC1=CC[C@@H](CC1=O)C(=C)C,0
Q9UKL2,16724,CC1=CC[C@@H](CC1=O)C(=C)C,0
A6NMU1,16724,CC1=CC[C@@H](CC1=O)C(=C)C,0
Q8NGK2,16724,CC1=CC[C@@H](CC1=O)C(=C)C,0
Q8NGF0,16724,CC1=CC[C@@H](CC1=O)C(=C)C,0
Q9H346,16724,CC1=CC[C@@H](CC1=O)C(=C)C,0
Q8NGJ4,16724,CC1=CC[C@@H](CC1=O)C(=C)C,0
Q8NGH9,16724,CC1=CC[C@@H](CC1=O)C(=C)C,0
Q96RD3,16724,CC1=CC[C@@H](CC1=O)C(=C)C,0
Q6IFG1,16724,CC1=CC[C@@H](CC1=O)C(=C)C,0
Q8NGJ2,16724,CC1=CC[C@@H](CC1=O)C(=C)C,0
Q8NGK6,16724,CC1=CC[C@@H](CC1=O)C(=C)C,0
Q9H2C5,16724,CC1=CC[C@@H](CC1=O)C(=C)C,0
Q96RD2,16724,CC1=CC[C@@H](CC1=O)C(=C)C,0
Q8NGJ8,16724,CC1=CC[C@@H](CC1=O)C(=C)C,0
Q8NH64,16724,CC1=CC[C@@H](CC1=O)C(=C)C,0
Q9Y5P1,16724,CC1=CC[C@@H](CC1=O)C(=C)C,0
Q9Y5P0,16724,CC1=CC[C@@H](CC1=O)C(=C)C,0
Q9H339,16724,CC1=CC[C@@H](CC1=O)C(=C)C,0
Q9H340,16724,CC1=CC[C@@H](CC1=O)C(=C)C,0
Q8NGF3,16724,CC1=CC[C@@H](CC1=O)C(=C)C,0
Q8TCB6,16724,CC1=CC[C@@H](CC1=O)C(=C)C,0
Q9H255,16724,CC1=CC[C@@H](CC1=O)C(=C)C,0
A6NGY5,16724,CC1=CC[C@@H](CC1=O)C(=C)C,0
Q8NGJ6,16724,CC1=CC[C@@H](CC1=O)C(=C)C,0
Q8NGJ7,16724,CC1=CC[C@@H](CC1=O)C(=C)C,0
Q8NGZ2,16724,CC1=CC[C@@H](CC1=O)C(=C)C,0
Q8NGT0,16724,CC1=CC[C@@H](CC1=O)C(=C)C,0
Q8NGV5,16724,CC1=CC[C@@H](CC1=O)C(=C)C,0
Q8NGS4,16724,CC1=CC[C@@H](CC1=O)C(=C)C,0
Q8NGZ3,16724,CC1=CC[C@@H](CC1=O)C(=C)C,0
,10890,CCCCCOC(=O)CCC,0
Q8NG92,16724,CC1=CC[C@@H](CC1=O)C(=C)C,0
Q8NGT2,16724,CC1=CC[C@@H](CC1=O)C(=C)C,0
Q96R54,16724,CC1=CC[C@@H](CC1=O)C(=C)C,0
Q8NH61,16724,CC1=CC[C@@H](CC1=O)C(=C)C,0
Q8NGK1,16724,CC1=CC[C@@H](CC1=O)C(=C)C,0
Q8NGJ5,16724,CC1=CC[C@@H](CC1=O)C(=C)C,0
Q9H341,16724,CC1=CC[C@@H](CC1=O)C(=C)C,0
Q8NH59,16724,CC1=CC[C@@H](CC1=O)C(=C)C,0
Q8NH67,16724,CC1=CC[C@@H](CC1=O)C(=C)C,0
Q9H344,16724,CC1=CC[C@@H](CC1=O)C(=C)C,0
Q8NGK0,16724,CC1=CC[C@@H](CC1=O)C(=C)C,0
Q9H343,16724,CC1=CC[C@@H](CC1=O)C(=C)C,0
Q9H342,16724,CC1=CC[C@@H](CC1=O)C(=C)C,0
Q8NGK4,16724,CC1=CC[C@@H](CC1=O)C(=C)C,0
Q15619,5281167,CC/C=C\CCO,0
P47884,5281167,CC/C=C\CCO,0
P34982,5281167,CC/C=C\CCO,0
Q8NGR6,5281167,CC/C=C\CCO,0
Q6IF63,16724,CC1=CC[C@@H](CC1=O)C(=C)C,0
Q8NGH5,16724,CC1=CC[C@@H](CC1=O)C(=C)C,0
Q8NH54,16724,CC1=CC[C@@H](CC1=O)C(=C)C,0
Q8NGK3,16724,CC1=CC[C@@H](CC1=O)C(=C)C,0
Q8NGH7,16724,CC1=CC[C@@H](CC1=O)C(=C)C,0
Q8NGK5,16724,CC1=CC[C@@H](CC1=O)C(=C)C,0
Q8NH53,16724,CC1=CC[C@@H](CC1=O)C(=C)C,0
Q8NGI0,16724,CC1=CC[C@@H](CC1=O)C(=C)C,0
Q8NH56,16724,CC1=CC[C@@H](CC1=O)C(=C)C,0
Q8NGF1,16724,CC1=CC[C@@H](CC1=O)C(=C)C,0
Q8NGH8,16724,CC1=CC[C@@H](CC1=O)C(=C)C,0
Q9Y585,5281167,CC/C=C\CCO,0
Q8NH60,16724,CC1=CC[C@@H](CC1=O)C(=C)C,0
Q8NGI3,16724,CC1=CC[C@@H](CC1=O)C(=C)C,0
Q8NH76,16724,CC1=CC[C@@H](CC1=O)C(=C)C,0
Q8NGF1,5281167,CC/C=C\CCO,0
Q6IF63,5281167,CC/C=C\CCO,0
Q8NGH5,5281167,CC/C=C\CCO,0
Q8NH54,5281167,CC/C=C\CCO,0
Q8NGH8,5281167,CC/C=C\CCO,0
Q8NGI3,5281167,CC/C=C\CCO,0
Q8NH76,5281167,CC/C=C\CCO,0
Q9Y585,31244,COC1=CC=C(C=C1)C=O,0
Q8NGR6,31244,COC1=CC=C(C=C1)C=O,0
Q15619,31244,COC1=CC=C(C=C1)C=O,0
P34982,31244,COC1=CC=C(C=C1)C=O,0
P47884,31244,COC1=CC=C(C=C1)C=O,0
P58170,31244,COC1=CC=C(C=C1)C=O,0
P30953,31244,COC1=CC=C(C=C1)C=O,0
Q8NH56,5281167,CC/C=C\CCO,0
Q8NGJ4,5281167,CC/C=C\CCO,0
Q8NGH9,5281167,CC/C=C\CCO,0
Q96RD3,5281167,CC/C=C\CCO,0
Q6IFG1,5281167,CC/C=C\CCO,0
Q8NGJ2,5281167,CC/C=C\CCO,0
Q8NGK6,5281167,CC/C=C\CCO,0
P47887,31244,COC1=CC=C(C=C1)C=O,0
Q8NH67,5281167,CC/C=C\CCO,0
Q8NGK4,5281167,CC/C=C\CCO,0
Q8NGK3,5281167,CC/C=C\CCO,0
Q8NGH7,5281167,CC/C=C\CCO,0
Q8NGK5,5281167,CC/C=C\CCO,0
Q8NH53,5281167,CC/C=C\CCO,0
Q8NGI0,5281167,CC/C=C\CCO,0
Q8NH60,5281167,CC/C=C\CCO,0
Q8WZA6,31244,COC1=CC=C(C=C1)C=O,0
P47890,31244,COC1=CC=C(C=C1)C=O,0
Q8NGS0,31244,COC1=CC=C(C=C1)C=O,0
Q8NGR9,31244,COC1=CC=C(C=C1)C=O,0
Q8NH06,31244,COC1=CC=C(C=C1)C=O,0
Q15612,31244,COC1=CC=C(C=C1)C=O,0
Q8NH92,31244,COC1=CC=C(C=C1)C=O,0
O60431,31244,COC1=CC=C(C=C1)C=O,0
Q8NGS3,31244,COC1=CC=C(C=C1)C=O,0
Q8NGS2,31244,COC1=CC=C(C=C1)C=O,0
Q8NGS1,31244,COC1=CC=C(C=C1)C=O,0
Q8NGR3,31244,COC1=CC=C(C=C1)C=O,0
O43749,31244,COC1=CC=C(C=C1)C=O,0
Q8NH94,31244,COC1=CC=C(C=C1)C=O,0
Q8NH93,31244,COC1=CC=C(C=C1)C=O,0
Q8NGR5,31244,COC1=CC=C(C=C1)C=O,0
Q8NGR2,31244,COC1=CC=C(C=C1)C=O,0
Q8NGR8,31244,COC1=CC=C(C=C1)C=O,0
Q8NGA1,31244,COC1=CC=C(C=C1)C=O,0
Q9H346,5281167,CC/C=C\CCO,0
Q8NH59,5281167,CC/C=C\CCO,0
Q8NGK1,5281167,CC/C=C\CCO,0
Q9H343,5281167,CC/C=C\CCO,0
Q9H344,5281167,CC/C=C\CCO,0
Q9H342,5281167,CC/C=C\CCO,0
Q8NGJ5,5281167,CC/C=C\CCO,0
Q9H341,5281167,CC/C=C\CCO,0
Q8NGK0,5281167,CC/C=C\CCO,0
Q9H2C8,5281167,CC/C=C\CCO,0
Q9UKL2,5281167,CC/C=C\CCO,0
A6NMU1,5281167,CC/C=C\CCO,0
Q9H2C5,5281167,CC/C=C\CCO,0
Q96RD2,5281167,CC/C=C\CCO,0
Q8NGK2,5281167,CC/C=C\CCO,0
Q8NGF0,5281167,CC/C=C\CCO,0
Q8NGJ8,5281167,CC/C=C\CCO,0
Q8NGJ9,5281167,CC/C=C\CCO,0
Q8NGQ3,31244,COC1=CC=C(C=C1)C=O,0
A6NM03,31244,COC1=CC=C(C=C1)C=O,0
Q8NGZ0,31244,COC1=CC=C(C=C1)C=O,0
Q8NG84,31244,COC1=CC=C(C=C1)C=O,0
Q8NHA4,31244,COC1=CC=C(C=C1)C=O,0
Q9H205,31244,COC1=CC=C(C=C1)C=O,0
Q5JQS5,31244,COC1=CC=C(C=C1)C=O,0
O95371,31244,COC1=CC=C(C=C1)C=O,0
Q8N628,31244,COC1=CC=C(C=C1)C=O,0
P58173,31244,COC1=CC=C(C=C1)C=O,0
O76000,31244,COC1=CC=C(C=C1)C=O,0
A6NND4,31244,COC1=CC=C(C=C1)C=O,0
Q9GZK3,31244,COC1=CC=C(C=C1)C=O,0
Q6IF42,31244,COC1=CC=C(C=C1)C=O,0
O95047,31244,COC1=CC=C(C=C1)C=O,0
Q96R48,31244,COC1=CC=C(C=C1)C=O,0
Q8NGT7,31244,COC1=CC=C(C=C1)C=O,0
Q96R47,31244,COC1=CC=C(C=C1)C=O,0
A4D2G3,31244,COC1=CC=C(C=C1)C=O,0
Q8NGT9,31244,COC1=CC=C(C=C1)C=O,0
Q96R45,31244,COC1=CC=C(C=C1)C=O,0
Q8NGY1,5281167,CC/C=C\CCO,0
Q9GZK7,5281167,CC/C=C\CCO,0
Q8NGC1,5281167,CC/C=C\CCO,0
Q8NGY0,5281167,CC/C=C\CCO,0
Q8NGX3,5281167,CC/C=C\CCO,0
Q8NGI7,5281167,CC/C=C\CCO,0
Q8NGF6,5281167,CC/C=C\CCO,0
Q8NGX0,5281167,CC/C=C\CCO,0
P58182,5281167,CC/C=C\CCO,0
Q9UGF7,5281167,CC/C=C\CCO,0
B2RN74,5281167,CC/C=C\CCO,0
Q8NGC9,5281167,CC/C=C\CCO,0
Q8NGC7,5281167,CC/C=C\CCO,0
Q8NG94,5281167,CC/C=C\CCO,0
Q8NGN5,5281167,CC/C=C\CCO,0
Q8NGN4,5281167,CC/C=C\CCO,0
Q9Y4A9,5281167,CC/C=C\CCO,0
O60403,5281167,CC/C=C\CCO,0
O60404,5281167,CC/C=C\CCO,0
Q8NGA5,5281167,CC/C=C\CCO,0
Q8NGN3,5281167,CC/C=C\CCO,0
Q8NH81,5281167,CC/C=C\CCO,0
Q8NGN6,5281167,CC/C=C\CCO,0
Q8NGA6,5281167,CC/C=C\CCO,0
Q8NGX5,5281167,CC/C=C\CCO,0
Q6IF99,5281167,CC/C=C\CCO,0
Q8NGE3,5281167,CC/C=C\CCO,0
Q8NGQ4,5281167,CC/C=C\CCO,0
Q8NGX6,5281167,CC/C=C\CCO,0
Q8NGN2,5281167,CC/C=C\CCO,0
P30954,5281167,CC/C=C\CCO,0
Q8NHC4,5281167,CC/C=C\CCO,0
Q5JRS4,5281167,CC/C=C\CCO,0
Q9H340,5281167,CC/C=C\CCO,0
Q8NGF3,5281167,CC/C=C\CCO,0
Q8NGJ6,5281167,CC/C=C\CCO,0
Q8NH64,5281167,CC/C=C\CCO,0
Q9Y5P1,5281167,CC/C=C\CCO,0
Q9Y5P0,5281167,CC/C=C\CCO,0
Q9H339,5281167,CC/C=C\CCO,0
Q9H255,5281167,CC/C=C\CCO,0
A6NGY5,5281167,CC/C=C\CCO,0
Q8TCB6,5281167,CC/C=C\CCO,0
Q8NGS5,5281167,CC/C=C\CCO,0
Q8NGS8,5281167,CC/C=C\CCO,0
Q8NGS7,5281167,CC/C=C\CCO,0
Q8NGT0,5281167,CC/C=C\CCO,0
Q8NGR1,5281167,CC/C=C\CCO,0
Q8NGS9,5281167,CC/C=C\CCO,0
Q8NGS6,5281167,CC/C=C\CCO,0
Q8NGZ2,5281167,CC/C=C\CCO,0
Q8NGJ7,5281167,CC/C=C\CCO,0
Q8NH61,5281167,CC/C=C\CCO,0
Q96R54,5281167,CC/C=C\CCO,0
Q8NGT2,5281167,CC/C=C\CCO,0
Q8NGV5,5281167,CC/C=C\CCO,0
Q8NGS4,5281167,CC/C=C\CCO,0
Q8NGZ3,5281167,CC/C=C\CCO,0
Q8NG92,5281167,CC/C=C\CCO,0
Q8NGV6,31244,COC1=CC=C(C=C1)C=O,0
A6NHG9,31244,COC1=CC=C(C=C1)C=O,0
A6NKK0,31244,COC1=CC=C(C=C1)C=O,0
Q8NGV7,31244,COC1=CC=C(C=C1)C=O,0
A6NDH6,31244,COC1=CC=C(C=C1)C=O,0
Q8NGL0,31244,COC1=CC=C(C=C1)C=O,0
Q8NGP8,31244,COC1=CC=C(C=C1)C=O,0
Q13606,31244,COC1=CC=C(C=C1)C=O,0
Q8NH18,31244,COC1=CC=C(C=C1)C=O,0
Q8NHB8,31244,COC1=CC=C(C=C1)C=O,0
A6NET4,31244,COC1=CC=C(C=C1)C=O,0
A6NMS3,31244,COC1=CC=C(C=C1)C=O,0
Q8NGL2,31244,COC1=CC=C(C=C1)C=O,0
Q8NGJ0,31244,COC1=CC=C(C=C1)C=O,0
Q8NGI9,31244,COC1=CC=C(C=C1)C=O,0
Q9NZP5,31244,COC1=CC=C(C=C1)C=O,0
Q8NH90,31244,COC1=CC=C(C=C1)C=O,0
Q8NGF9,31244,COC1=CC=C(C=C1)C=O,0
Q8NGL7,31244,COC1=CC=C(C=C1)C=O,0
Q8NH05,31244,COC1=CC=C(C=C1)C=O,0
Q8NGB4,31244,COC1=CC=C(C=C1)C=O,0
Q8NH73,31244,COC1=CC=C(C=C1)C=O,0
Q8NGI8,31244,COC1=CC=C(C=C1)C=O,0
Q8NH49,31244,COC1=CC=C(C=C1)C=O,0
Q8NGF4,31244,COC1=CC=C(C=C1)C=O,0
Q8NGR4,31244,COC1=CC=C(C=C1)C=O,0
Q8NGL4,31244,COC1=CC=C(C=C1)C=O,0
Q8NGL3,31244,COC1=CC=C(C=C1)C=O,0
Q8NGK9,31244,COC1=CC=C(C=C1)C=O,0
Q8NGL1,31244,COC1=CC=C(C=C1)C=O,0
O95221,31244,COC1=CC=C(C=C1)C=O,0
A6NL26,31244,COC1=CC=C(C=C1)C=O,0
Q8NGF7,31244,COC1=CC=C(C=C1)C=O,0
Q8N127,31244,COC1=CC=C(C=C1)C=O,0
Q8NGP9,31244,COC1=CC=C(C=C1)C=O,0
Q8NGC0,31244,COC1=CC=C(C=C1)C=O,0
Q96R09,31244,COC1=CC=C(C=C1)C=O,0
Q8NH48,31244,COC1=CC=C(C=C1)C=O,0
Q96R08,31244,COC1=CC=C(C=C1)C=O,0
O95222,31244,COC1=CC=C(C=C1)C=O,0
Q8NH69,31244,COC1=CC=C(C=C1)C=O,0
Q8WZ92,31244,COC1=CC=C(C=C1)C=O,0
Q96RB7,31244,COC1=CC=C(C=C1)C=O,0
Q6IEU7,31244,COC1=CC=C(C=C1)C=O,0
Q8NGP4,31244,COC1=CC=C(C=C1)C=O,0
Q8NGP6,31244,COC1=CC=C(C=C1)C=O,0
Q8NGP3,31244,COC1=CC=C(C=C1)C=O,0
Q8NGG2,31244,COC1=CC=C(C=C1)C=O,0
Q8NGG3,31244,COC1=CC=C(C=C1)C=O,0
Q9UGF6,31244,COC1=CC=C(C=C1)C=O,0
Q8IXE1,31244,COC1=CC=C(C=C1)C=O,0
Q8NH85,31244,COC1=CC=C(C=C1)C=O,0
Q8NG75,31244,COC1=CC=C(C=C1)C=O,0
Q8N0Y3,31244,COC1=CC=C(C=C1)C=O,0
Q8NGB6,31244,COC1=CC=C(C=C1)C=O,0
O43869,31244,COC1=CC=C(C=C1)C=O,0
Q6IF00,31244,COC1=CC=C(C=C1)C=O,0
Q8NH03,31244,COC1=CC=C(C=C1)C=O,0
Q8NH00,31244,COC1=CC=C(C=C1)C=O,0
Q96R27,31244,COC1=CC=C(C=C1)C=O,0
A3KFT3,31244,COC1=CC=C(C=C1)C=O,0
Q8NG81,31244,COC1=CC=C(C=C1)C=O,0
Q9NQN1,31244,COC1=CC=C(C=C1)C=O,0
Q8NG83,31244,COC1=CC=C(C=C1)C=O,0
Q8NG77,31244,COC1=CC=C(C=C1)C=O,0
Q8NH04,31244,COC1=CC=C(C=C1)C=O,0
Q8NH02,31244,COC1=CC=C(C=C1)C=O,0
Q8NG76,31244,COC1=CC=C(C=C1)C=O,0
Q8NH01,31244,COC1=CC=C(C=C1)C=O,0
Q8NGZ9,31244,COC1=CC=C(C=C1)C=O,0
Q6IEZ7,31244,COC1=CC=C(C=C1)C=O,0
Q8NHC8,31244,COC1=CC=C(C=C1)C=O,0
P0C7T2,31244,COC1=CC=C(C=C1)C=O,0
A6NH00,31244,COC1=CC=C(C=C1)C=O,0
Q5TZ20,31244,COC1=CC=C(C=C1)C=O,0
Q9GZK4,31244,COC1=CC=C(C=C1)C=O,0
O95918,31244,COC1=CC=C(C=C1)C=O,0
Q8NGZ4,31244,COC1=CC=C(C=C1)C=O,0
Q8NGZ5,31244,COC1=CC=C(C=C1)C=O,0
Q9H210,31244,COC1=CC=C(C=C1)C=O,0
Q9GZK6,31244,COC1=CC=C(C=C1)C=O,0
Q8NGH3,31244,COC1=CC=C(C=C1)C=O,0
Q13607,31244,COC1=CC=C(C=C1)C=O,0
O95006,31244,COC1=CC=C(C=C1)C=O,0
Q96R28,31244,COC1=CC=C(C=C1)C=O,0
Q8NGT1,31244,COC1=CC=C(C=C1)C=O,0
Q8NG85,31244,COC1=CC=C(C=C1)C=O,0
Q8NG80,31244,COC1=CC=C(C=C1)C=O,0
Q8NGY9,31244,COC1=CC=C(C=C1)C=O,0
Q8N349,31244,COC1=CC=C(C=C1)C=O,0
Q8NH16,31244,COC1=CC=C(C=C1)C=O,0
Q96R67,31244,COC1=CC=C(C=C1)C=O,0
Q8NGP0,31244,COC1=CC=C(C=C1)C=O,0
Q8NGM1,31244,COC1=CC=C(C=C1)C=O,0
Q8NGL9,31244,COC1=CC=C(C=C1)C=O,0
A6NMZ5,31244,COC1=CC=C(C=C1)C=O,0
A6NHA9,31244,COC1=CC=C(C=C1)C=O,0
Q6IEV9,31244,COC1=CC=C(C=C1)C=O,0
Q6IF82,31244,COC1=CC=C(C=C1)C=O,0
Q8NGF8,31244,COC1=CC=C(C=C1)C=O,0
Q15615,31244,COC1=CC=C(C=C1)C=O,0
Q8NH37,31244,COC1=CC=C(C=C1)C=O,0
Q8NGB2,31244,COC1=CC=C(C=C1)C=O,0
Q8NH72,31244,COC1=CC=C(C=C1)C=O,0
Q8NH70,31244,COC1=CC=C(C=C1)C=O,0
P58180,31244,COC1=CC=C(C=C1)C=O,0
Q8NGN0,31244,COC1=CC=C(C=C1)C=O,0
Q8NGA8,31244,COC1=CC=C(C=C1)C=O,0
O95013,31244,COC1=CC=C(C=C1)C=O,0
Q8NGD4,31244,COC1=CC=C(C=C1)C=O,0
Q8NGD2,31244,COC1=CC=C(C=C1)C=O,0
Q8NH42,31244,COC1=CC=C(C=C1)C=O,0
Q8NGD5,31244,COC1=CC=C(C=C1)C=O,0
Q8NH41,31244,COC1=CC=C(C=C1)C=O,0
Q8NGC6,31244,COC1=CC=C(C=C1)C=O,0
Q8NH43,31244,COC1=CC=C(C=C1)C=O,0
Q8NGD0,31244,COC1=CC=C(C=C1)C=O,0
Q8NGJ1,31244,COC1=CC=C(C=C1)C=O,0
Q8NGE8,31244,COC1=CC=C(C=C1)C=O,0
Q8NGI6,31244,COC1=CC=C(C=C1)C=O,0
Q8NGI4,31244,COC1=CC=C(C=C1)C=O,0
Q8NGC2,31244,COC1=CC=C(C=C1)C=O,0
Q6IEY1,31244,COC1=CC=C(C=C1)C=O,0
Q96R69,31244,COC1=CC=C(C=C1)C=O,0
Q8NH21,31244,COC1=CC=C(C=C1)C=O,0
Q8NGB9,31244,COC1=CC=C(C=C1)C=O,0
Q8NGB8,31244,COC1=CC=C(C=C1)C=O,0
Q96R30,31244,COC1=CC=C(C=C1)C=O,0
Q9Y3N9,31244,COC1=CC=C(C=C1)C=O,0
Q7Z3T1,31244,COC1=CC=C(C=C1)C=O,0
Q8NGX1,31244,COC1=CC=C(C=C1)C=O,0
A6NFC9,31244,COC1=CC=C(C=C1)C=O,0
Q8NGL6,31244,COC1=CC=C(C=C1)C=O,0
Q8NH83,31244,COC1=CC=C(C=C1)C=O,0
Q8NGD1,31244,COC1=CC=C(C=C1)C=O,0
P47883,31244,COC1=CC=C(C=C1)C=O,0
Q8NG97,31244,COC1=CC=C(C=C1)C=O,0
P47881,31244,COC1=CC=C(C=C1)C=O,0
P47893,31244,COC1=CC=C(C=C1)C=O,0
P47888,31244,COC1=CC=C(C=C1)C=O,0
Q8NGF4,5281167,CC/C=C\CCO,0
Q8NH05,5281167,CC/C=C\CCO,0
Q8NGB4,5281167,CC/C=C\CCO,0
Q8NH49,5281167,CC/C=C\CCO,0
Q8NGF9,5281167,CC/C=C\CCO,0
Q8NH90,5281167,CC/C=C\CCO,0
Q8NGI8,5281167,CC/C=C\CCO,0
Q9NZP5,5281167,CC/C=C\CCO,0
Q8NGJ0,5281167,CC/C=C\CCO,0
Q8NGI9,5281167,CC/C=C\CCO,0
Q96R09,5281167,CC/C=C\CCO,0
Q8NH48,5281167,CC/C=C\CCO,0
Q96R08,5281167,CC/C=C\CCO,0
Q8NGF7,5281167,CC/C=C\CCO,0
Q8NGC0,5281167,CC/C=C\CCO,0
A6NL26,5281167,CC/C=C\CCO,0
Q8NGR4,5281167,CC/C=C\CCO,0
Q8NGL3,5281167,CC/C=C\CCO,0
Q8NGK9,5281167,CC/C=C\CCO,0
Q8NGL1,5281167,CC/C=C\CCO,0
O95221,5281167,CC/C=C\CCO,0
Q8NGL4,5281167,CC/C=C\CCO,0
Q8NGP9,5281167,CC/C=C\CCO,0
Q8N127,5281167,CC/C=C\CCO,0
Q8NH42,5281167,CC/C=C\CCO,0
Q8NGD5,5281167,CC/C=C\CCO,0
Q8NGD2,5281167,CC/C=C\CCO,0
Q8NGA8,5281167,CC/C=C\CCO,0
O95013,5281167,CC/C=C\CCO,0
Q8NGD4,5281167,CC/C=C\CCO,0
Q8NGJ1,5281167,CC/C=C\CCO,0
Q8NGE8,5281167,CC/C=C\CCO,0
Q8NGB9,5281167,CC/C=C\CCO,0
Q8NGB8,5281167,CC/C=C\CCO,0
Q8NH21,5281167,CC/C=C\CCO,0
Q96R69,5281167,CC/C=C\CCO,0
Q8NGI6,5281167,CC/C=C\CCO,0
Q8NGI4,5281167,CC/C=C\CCO,0
Q8NGC2,5281167,CC/C=C\CCO,0
Q6IEY1,5281167,CC/C=C\CCO,0
Q8NH43,5281167,CC/C=C\CCO,0
Q8NGD0,5281167,CC/C=C\CCO,0
Q8NGB6,5281167,CC/C=C\CCO,0
Q8NGD1,5281167,CC/C=C\CCO,0
Q8N0Y3,5281167,CC/C=C\CCO,0
Q8IXE1,5281167,CC/C=C\CCO,0
Q8NGL7,5281167,CC/C=C\CCO,0
Q8NGC6,5281167,CC/C=C\CCO,0
Q8NH41,5281167,CC/C=C\CCO,0
Q8NG95,5281167,CC/C=C\CCO,0
Q8NGG7,5281167,CC/C=C\CCO,0
Q96RD0,5281167,CC/C=C\CCO,0
Q8NG99,5281167,CC/C=C\CCO,0
Q8NG98,5281167,CC/C=C\CCO,0
Q6IFN5,5281167,CC/C=C\CCO,0
Q8NGA0,5281167,CC/C=C\CCO,0
Q8NGG8,5281167,CC/C=C\CCO,0
Q8NGG6,5281167,CC/C=C\CCO,0
Q8WZ84,5281167,CC/C=C\CCO,0
Q9GZM6,5281167,CC/C=C\CCO,0
Q15620,5281167,CC/C=C\CCO,0
Q96RC9,5281167,CC/C=C\CCO,0
Q8NH40,5281167,CC/C=C\CCO,0
Q8NGN1,5281167,CC/C=C\CCO,0
Q8N148,5281167,CC/C=C\CCO,0
Q8NH79,5281167,CC/C=C\CCO,0
Q8NGQ2,5281167,CC/C=C\CCO,0
Q8NGY6,5281167,CC/C=C\CCO,0
O76100,5281167,CC/C=C\CCO,0
O14581,5281167,CC/C=C\CCO,0
O76099,5281167,CC/C=C\CCO,0
O60412,5281167,CC/C=C\CCO,0
Q96RA2,5281167,CC/C=C\CCO,0
Q8NGX8,5281167,CC/C=C\CCO,0
Q15622,5281167,CC/C=C\CCO,0
Q8NGE9,5281167,CC/C=C\CCO,0
P0C7N8,5281167,CC/C=C\CCO,0
Q8NGQ6,5281167,CC/C=C\CCO,0
Q8NGE7,5281167,CC/C=C\CCO,0
Q8NGQ5,5281167,CC/C=C\CCO,0
Q9H208,5281167,CC/C=C\CCO,0
P58181,5281167,CC/C=C\CCO,0
Q96KK4,5281167,CC/C=C\CCO,0
Q8NGC3,5281167,CC/C=C\CCO,0
Q8NGC4,5281167,CC/C=C\CCO,0
Q9H209,5281167,CC/C=C\CCO,0
Q9H207,5281167,CC/C=C\CCO,0
Q8NGE5,5281167,CC/C=C\CCO,0
Q8NGE0,5281167,CC/C=C\CCO,0
Q8NH19,5281167,CC/C=C\CCO,0
Q8NGG5,5281167,CC/C=C\CCO,0
Q8NH51,5281167,CC/C=C\CCO,0
Q8NGG0,5281167,CC/C=C\CCO,0
Q8NGP2,5281167,CC/C=C\CCO,0
Q8NGM9,5281167,CC/C=C\CCO,0
Q15617,5281167,CC/C=C\CCO,0
Q6IF36,5281167,CC/C=C\CCO,0
Q8NGG4,5281167,CC/C=C\CCO,0
Q8N162,5281167,CC/C=C\CCO,0
Q8N146,5281167,CC/C=C\CCO,0
Q8N0Y5,5281167,CC/C=C\CCO,0
Q8NG78,5281167,CC/C=C\CCO,0
Q8NH87,5281167,CC/C=C\CCO,0
Q8NGQ1,5281167,CC/C=C\CCO,0
Q8NGY5,5281167,CC/C=C\CCO,0
Q8NH50,5281167,CC/C=C\CCO,0
Q8NH10,5281167,CC/C=C\CCO,0
P0C7N1,5281167,CC/C=C\CCO,0
P0C7N5,5281167,CC/C=C\CCO,0
Q8NGT5,5281167,CC/C=C\CCO,0
Q8NGU2,5281167,CC/C=C\CCO,0
Q8NGM8,5281167,CC/C=C\CCO,0
Q8NGL0,5281167,CC/C=C\CCO,0
Q8NGL2,5281167,CC/C=C\CCO,0
Q96RB7,5281167,CC/C=C\CCO,0
Q8WZ92,5281167,CC/C=C\CCO,0
Q8NH85,5281167,CC/C=C\CCO,0
Q6IEU7,5281167,CC/C=C\CCO,0
Q8NGP3,5281167,CC/C=C\CCO,0
Q8NGP8,5281167,CC/C=C\CCO,0
Q8NGP4,5281167,CC/C=C\CCO,0
Q8NGP6,5281167,CC/C=C\CCO,0
Q8NGV6,5281167,CC/C=C\CCO,0
A6NHG9,5281167,CC/C=C\CCO,0
A6NDH6,5281167,CC/C=C\CCO,0
Q13606,5281167,CC/C=C\CCO,0
Q8NH18,5281167,CC/C=C\CCO,0
Q8NGV7,5281167,CC/C=C\CCO,0
A6NKK0,5281167,CC/C=C\CCO,0
A6NET4,5281167,CC/C=C\CCO,0
A6NMS3,5281167,CC/C=C\CCO,0
Q8NG75,5281167,CC/C=C\CCO,0
Q8NHB8,5281167,CC/C=C\CCO,0
Q8NHB7,5281167,CC/C=C\CCO,0
Q8NGG2,5281167,CC/C=C\CCO,0
Q8NGG3,5281167,CC/C=C\CCO,0
A6NCV1,5281167,CC/C=C\CCO,0
A6NL08,5281167,CC/C=C\CCO,0
A6NJZ3,5281167,CC/C=C\CCO,0
A6NDL8,5281167,CC/C=C\CCO,0
A6NIJ9,5281167,CC/C=C\CCO,0
Q8NGC5,5281167,CC/C=C\CCO,0
Q8NGY2,5281167,CC/C=C\CCO,0
Q8NGY3,5281167,CC/C=C\CCO,0
Q8NGW6,5281167,CC/C=C\CCO,0
A6NM76,5281167,CC/C=C\CCO,0
Q8NGZ6,5281167,CC/C=C\CCO,0
A6NF89,5281167,CC/C=C\CCO,0
O95007,5281167,CC/C=C\CCO,0
Q6IFH4,5281167,CC/C=C\CCO,0
Q8NGW1,5281167,CC/C=C\CCO,0
O95222,5281167,CC/C=C\CCO,0
Q9UGF6,5281167,CC/C=C\CCO,0
Q8NH69,5281167,CC/C=C\CCO,0
Q9NZP0,5281167,CC/C=C\CCO,0
Q8NGE1,5281167,CC/C=C\CCO,0
Q96RD1,5281167,CC/C=C\CCO,0
Q9NZP2,5281167,CC/C=C\CCO,0
Q96R67,6549,CC(=CCCC(C)(C=C)O)C,0
Q8NGM1,6549,CC(=CCCC(C)(C=C)O)C,0
Q8NGL9,6549,CC(=CCCC(C)(C=C)O)C,0
Q8NGP0,6549,CC(=CCCC(C)(C=C)O)C,0
Q8NH37,6549,CC(=CCCC(C)(C=C)O)C,0
Q8NGB2,6549,CC(=CCCC(C)(C=C)O)C,0
Q8NGF8,6549,CC(=CCCC(C)(C=C)O)C,0
Q8NH72,6549,CC(=CCCC(C)(C=C)O)C,0
Q6IEV9,6549,CC(=CCCC(C)(C=C)O)C,0
Q8NGB9,6549,CC(=CCCC(C)(C=C)O)C,0
Q8NGB8,6549,CC(=CCCC(C)(C=C)O)C,0
Q8NGA8,6549,CC(=CCCC(C)(C=C)O)C,0
O95013,6549,CC(=CCCC(C)(C=C)O)C,0
Q8NGI6,6549,CC(=CCCC(C)(C=C)O)C,0
Q8NGI4,6549,CC(=CCCC(C)(C=C)O)C,0
Q8NGC2,6549,CC(=CCCC(C)(C=C)O)C,0
Q96R69,6549,CC(=CCCC(C)(C=C)O)C,0
Q8NH21,6549,CC(=CCCC(C)(C=C)O)C,0
Q8NGE8,6549,CC(=CCCC(C)(C=C)O)C,0
Q8NH42,6549,CC(=CCCC(C)(C=C)O)C,0
Q8NGD5,6549,CC(=CCCC(C)(C=C)O)C,0
Q8NGD2,6549,CC(=CCCC(C)(C=C)O)C,0
Q6IEY1,6549,CC(=CCCC(C)(C=C)O)C,0
Q8NGD4,6549,CC(=CCCC(C)(C=C)O)C,0
Q15615,6549,CC(=CCCC(C)(C=C)O)C,0
A6NMZ5,6549,CC(=CCCC(C)(C=C)O)C,0
A6NHA9,6549,CC(=CCCC(C)(C=C)O)C,0
P58180,6549,CC(=CCCC(C)(C=C)O)C,0
Q8NGN0,6549,CC(=CCCC(C)(C=C)O)C,0
Q8NGJ1,6549,CC(=CCCC(C)(C=C)O)C,0
Q9Y3N9,6549,CC(=CCCC(C)(C=C)O)C,0
Q7Z3T1,6549,CC(=CCCC(C)(C=C)O)C,0
A6NFC9,6549,CC(=CCCC(C)(C=C)O)C,0
Q8NG97,6549,CC(=CCCC(C)(C=C)O)C,0
Q96R30,6549,CC(=CCCC(C)(C=C)O)C,0
Q8NH02,6549,CC(=CCCC(C)(C=C)O)C,0
Q8NG76,6549,CC(=CCCC(C)(C=C)O)C,0
Q8NGX1,6549,CC(=CCCC(C)(C=C)O)C,0
Q8NH04,6549,CC(=CCCC(C)(C=C)O)C,0
P47883,6549,CC(=CCCC(C)(C=C)O)C,0
P47888,6549,CC(=CCCC(C)(C=C)O)C,0
Q8NH70,6549,CC(=CCCC(C)(C=C)O)C,0
Q6IF82,6549,CC(=CCCC(C)(C=C)O)C,0
Q8NGL6,6549,CC(=CCCC(C)(C=C)O)C,0
Q8NH83,6549,CC(=CCCC(C)(C=C)O)C,0
P47881,6549,CC(=CCCC(C)(C=C)O)C,0
P47893,6549,CC(=CCCC(C)(C=C)O)C,0
Q8NH41,6549,CC(=CCCC(C)(C=C)O)C,0
A6NDL8,6549,CC(=CCCC(C)(C=C)O)C,0
A6NJZ3,6549,CC(=CCCC(C)(C=C)O)C,0
Q9NZP2,6549,CC(=CCCC(C)(C=C)O)C,0
Q9NZP0,6549,CC(=CCCC(C)(C=C)O)C,0
Q96RD1,6549,CC(=CCCC(C)(C=C)O)C,0
Q8NGE1,6549,CC(=CCCC(C)(C=C)O)C,0
A6NF89,6549,CC(=CCCC(C)(C=C)O)C,0
Q8NGY2,6549,CC(=CCCC(C)(C=C)O)C,0
Q8NGZ6,6549,CC(=CCCC(C)(C=C)O)C,0
Q8NGC5,6549,CC(=CCCC(C)(C=C)O)C,0
Q8NGY5,6549,CC(=CCCC(C)(C=C)O)C,0
Q8NGY3,6549,CC(=CCCC(C)(C=C)O)C,0
Q8NGW6,6549,CC(=CCCC(C)(C=C)O)C,0
Q8NGM8,6549,CC(=CCCC(C)(C=C)O)C,0
A6NIJ9,6549,CC(=CCCC(C)(C=C)O)C,0
A6NM76,6549,CC(=CCCC(C)(C=C)O)C,0
A6NCV1,6549,CC(=CCCC(C)(C=C)O)C,0
A6NL08,6549,CC(=CCCC(C)(C=C)O)C,0
Q96R09,6549,CC(=CCCC(C)(C=C)O)C,0
Q8NH48,6549,CC(=CCCC(C)(C=C)O)C,0
Q96R08,6549,CC(=CCCC(C)(C=C)O)C,0
Q8NGF7,6549,CC(=CCCC(C)(C=C)O)C,0
A6NL26,6549,CC(=CCCC(C)(C=C)O)C,0
Q8NGR4,6549,CC(=CCCC(C)(C=C)O)C,0
Q8NGF4,6549,CC(=CCCC(C)(C=C)O)C,0
Q8NGP9,6549,CC(=CCCC(C)(C=C)O)C,0
Q8N127,6549,CC(=CCCC(C)(C=C)O)C,0
Q8NGC0,6549,CC(=CCCC(C)(C=C)O)C,0
Q8NGI8,6549,CC(=CCCC(C)(C=C)O)C,0
Q8NGK9,6549,CC(=CCCC(C)(C=C)O)C,0
Q8NGL1,6549,CC(=CCCC(C)(C=C)O)C,0
O95221,6549,CC(=CCCC(C)(C=C)O)C,0
A6NKK0,6549,CC(=CCCC(C)(C=C)O)C,0
Q8NGL3,6549,CC(=CCCC(C)(C=C)O)C,0
Q8NGL4,6549,CC(=CCCC(C)(C=C)O)C,0
Q8NH90,6549,CC(=CCCC(C)(C=C)O)C,0
Q9NZP5,6549,CC(=CCCC(C)(C=C)O)C,0
Q8N0Y3,6549,CC(=CCCC(C)(C=C)O)C,0
Q8NGC6,6549,CC(=CCCC(C)(C=C)O)C,0
Q8NH43,6549,CC(=CCCC(C)(C=C)O)C,0
Q8NGD0,6549,CC(=CCCC(C)(C=C)O)C,0
Q8NGB6,6549,CC(=CCCC(C)(C=C)O)C,0
Q8NGD1,6549,CC(=CCCC(C)(C=C)O)C,0
Q8NGB4,6549,CC(=CCCC(C)(C=C)O)C,0
Q8NH73,6549,CC(=CCCC(C)(C=C)O)C,0
Q8NH49,6549,CC(=CCCC(C)(C=C)O)C,0
Q8NGF9,6549,CC(=CCCC(C)(C=C)O)C,0
Q8NGJ0,6549,CC(=CCCC(C)(C=C)O)C,0
Q8NGI9,6549,CC(=CCCC(C)(C=C)O)C,0
Q8IXE1,6549,CC(=CCCC(C)(C=C)O)C,0
Q8NGL7,6549,CC(=CCCC(C)(C=C)O)C,0
Q8NH05,6549,CC(=CCCC(C)(C=C)O)C,0
Q6IFH4,6549,CC(=CCCC(C)(C=C)O)C,0
Q8NGW1,6549,CC(=CCCC(C)(C=C)O)C,0
Q8NH18,6549,CC(=CCCC(C)(C=C)O)C,0
Q8NHB7,6549,CC(=CCCC(C)(C=C)O)C,0
Q8NHB8,6549,CC(=CCCC(C)(C=C)O)C,0
A6NET4,6549,CC(=CCCC(C)(C=C)O)C,0
A6NMS3,6549,CC(=CCCC(C)(C=C)O)C,0
Q8NGL2,6549,CC(=CCCC(C)(C=C)O)C,0
Q8NGL0,6549,CC(=CCCC(C)(C=C)O)C,0
Q8NGP8,6549,CC(=CCCC(C)(C=C)O)C,0
Q8NGP4,6549,CC(=CCCC(C)(C=C)O)C,0
Q8NGP6,6549,CC(=CCCC(C)(C=C)O)C,0
Q13606,6549,CC(=CCCC(C)(C=C)O)C,0
A6NDH6,6549,CC(=CCCC(C)(C=C)O)C,0
A6NHG9,6549,CC(=CCCC(C)(C=C)O)C,0
Q8NGV7,6549,CC(=CCCC(C)(C=C)O)C,0
Q8NGV6,6549,CC(=CCCC(C)(C=C)O)C,0
Q8NH85,6549,CC(=CCCC(C)(C=C)O)C,0
Q8NG75,6549,CC(=CCCC(C)(C=C)O)C,0
Q8NGG2,6549,CC(=CCCC(C)(C=C)O)C,0
Q8NGG3,6549,CC(=CCCC(C)(C=C)O)C,0
Q8WZ94,6549,CC(=CCCC(C)(C=C)O)C,0
Q9UGF6,6549,CC(=CCCC(C)(C=C)O)C,0
Q8NH69,6549,CC(=CCCC(C)(C=C)O)C,0
O95222,6549,CC(=CCCC(C)(C=C)O)C,0
O95007,6549,CC(=CCCC(C)(C=C)O)C,0
Q8NG77,6549,CC(=CCCC(C)(C=C)O)C,0
Q8WZ92,6549,CC(=CCCC(C)(C=C)O)C,0
Q8NGP3,6549,CC(=CCCC(C)(C=C)O)C,0
Q6IEU7,6549,CC(=CCCC(C)(C=C)O)C,0
Q96RB7,6549,CC(=CCCC(C)(C=C)O)C,0
O76000,6549,CC(=CCCC(C)(C=C)O)C,0
Q9GZK3,6549,CC(=CCCC(C)(C=C)O)C,0
P58173,6549,CC(=CCCC(C)(C=C)O)C,0
A6NM03,6549,CC(=CCCC(C)(C=C)O)C,0
Q8NHA4,6549,CC(=CCCC(C)(C=C)O)C,0
Q9H205,6549,CC(=CCCC(C)(C=C)O)C,0
A6NND4,6549,CC(=CCCC(C)(C=C)O)C,0
Q8NGZ0,6549,CC(=CCCC(C)(C=C)O)C,0
Q8NG84,6549,CC(=CCCC(C)(C=C)O)C,0
Q13607,6549,CC(=CCCC(C)(C=C)O)C,0
Q9H210,6549,CC(=CCCC(C)(C=C)O)C,0
Q8NGH3,6549,CC(=CCCC(C)(C=C)O)C,0
Q8NGZ4,6549,CC(=CCCC(C)(C=C)O)C,0
O95006,6549,CC(=CCCC(C)(C=C)O)C,0
Q8NGZ5,6549,CC(=CCCC(C)(C=C)O)C,0
Q5JQS5,6549,CC(=CCCC(C)(C=C)O)C,0
Q8N628,6549,CC(=CCCC(C)(C=C)O)C,0
O95371,6549,CC(=CCCC(C)(C=C)O)C,0
Q15612,6549,CC(=CCCC(C)(C=C)O)C,0
Q8NH92,6549,CC(=CCCC(C)(C=C)O)C,0
Q8NGQ3,6549,CC(=CCCC(C)(C=C)O)C,0
Q8NGR2,6549,CC(=CCCC(C)(C=C)O)C,0
Q8NGR8,6549,CC(=CCCC(C)(C=C)O)C,0
Q8NH06,6549,CC(=CCCC(C)(C=C)O)C,0
Q8NGR9,6549,CC(=CCCC(C)(C=C)O)C,0
Q8NGA1,6549,CC(=CCCC(C)(C=C)O)C,0
Q8NGS0,6549,CC(=CCCC(C)(C=C)O)C,0
Q96R48,6549,CC(=CCCC(C)(C=C)O)C,0
A4D2G3,6549,CC(=CCCC(C)(C=C)O)C,0
Q96R45,6549,CC(=CCCC(C)(C=C)O)C,0
Q8NGT7,6549,CC(=CCCC(C)(C=C)O)C,0
Q96R47,6549,CC(=CCCC(C)(C=C)O)C,0
Q8NGT9,6549,CC(=CCCC(C)(C=C)O)C,0
O95047,6549,CC(=CCCC(C)(C=C)O)C,0
Q6IF42,6549,CC(=CCCC(C)(C=C)O)C,0
Q9NQN1,6549,CC(=CCCC(C)(C=C)O)C,0
Q8NG81,6549,CC(=CCCC(C)(C=C)O)C,0
O43869,6549,CC(=CCCC(C)(C=C)O)C,0
Q96R27,6549,CC(=CCCC(C)(C=C)O)C,0
A3KFT3,6549,CC(=CCCC(C)(C=C)O)C,0
A6NH00,6549,CC(=CCCC(C)(C=C)O)C,0
Q8NH01,6549,CC(=CCCC(C)(C=C)O)C,0
Q8NGZ9,6549,CC(=CCCC(C)(C=C)O)C,0
Q8NH03,6549,CC(=CCCC(C)(C=C)O)C,0
Q8NH00,6549,CC(=CCCC(C)(C=C)O)C,0
Q6IEZ7,6549,CC(=CCCC(C)(C=C)O)C,0
Q8NHC8,6549,CC(=CCCC(C)(C=C)O)C,0
Q6IF00,6549,CC(=CCCC(C)(C=C)O)C,0
P0C7T2,6549,CC(=CCCC(C)(C=C)O)C,0
Q9GZK6,6549,CC(=CCCC(C)(C=C)O)C,0
O76001,6549,CC(=CCCC(C)(C=C)O)C,0
O76002,6549,CC(=CCCC(C)(C=C)O)C,0
Q5TZ20,6549,CC(=CCCC(C)(C=C)O)C,0
Q9GZK4,6549,CC(=CCCC(C)(C=C)O)C,0
O95918,6549,CC(=CCCC(C)(C=C)O)C,0
Q8N349,6549,CC(=CCCC(C)(C=C)O)C,0
Q96R28,6549,CC(=CCCC(C)(C=C)O)C,0
Q8NG83,6549,CC(=CCCC(C)(C=C)O)C,0
Q8NH16,6549,CC(=CCCC(C)(C=C)O)C,0
Q8NG85,6549,CC(=CCCC(C)(C=C)O)C,0
Q8NG80,6549,CC(=CCCC(C)(C=C)O)C,0
Q8NGT1,6549,CC(=CCCC(C)(C=C)O)C,0
Q8NGY9,6549,CC(=CCCC(C)(C=C)O)C,0
Q9H346,6549,CC(=CCCC(C)(C=C)O)C,0
Q8NGJ4,6549,CC(=CCCC(C)(C=C)O)C,0
Q8NGF0,6549,CC(=CCCC(C)(C=C)O)C,0
Q8NGH9,6549,CC(=CCCC(C)(C=C)O)C,0
Q6IFG1,6549,CC(=CCCC(C)(C=C)O)C,0
Q96RD3,6549,CC(=CCCC(C)(C=C)O)C,0
Q8NGK2,6549,CC(=CCCC(C)(C=C)O)C,0
Q9H2C5,6549,CC(=CCCC(C)(C=C)O)C,0
Q9H2C8,6549,CC(=CCCC(C)(C=C)O)C,0
Q9UKL2,6549,CC(=CCCC(C)(C=C)O)C,0
Q96RD2,6549,CC(=CCCC(C)(C=C)O)C,0
A6NMU1,6549,CC(=CCCC(C)(C=C)O)C,0
Q8NH53,6549,CC(=CCCC(C)(C=C)O)C,0
Q8NGI0,6549,CC(=CCCC(C)(C=C)O)C,0
Q8NGK5,6549,CC(=CCCC(C)(C=C)O)C,0
Q8NH56,6549,CC(=CCCC(C)(C=C)O)C,0
Q8NGF1,6549,CC(=CCCC(C)(C=C)O)C,0
Q6IF63,6549,CC(=CCCC(C)(C=C)O)C,0
Q8NGK6,6549,CC(=CCCC(C)(C=C)O)C,0
Q8NH67,6549,CC(=CCCC(C)(C=C)O)C,0
Q8NGJ2,6549,CC(=CCCC(C)(C=C)O)C,0
Q8NGK3,6549,CC(=CCCC(C)(C=C)O)C,0
Q8NGH7,6549,CC(=CCCC(C)(C=C)O)C,0
Q8NH60,6549,CC(=CCCC(C)(C=C)O)C,0
Q8NGK4,6549,CC(=CCCC(C)(C=C)O)C,0
Q8NGJ9,6549,CC(=CCCC(C)(C=C)O)C,0
Q8NGF3,6549,CC(=CCCC(C)(C=C)O)C,0
Q9H340,6549,CC(=CCCC(C)(C=C)O)C,0
A6NGY5,6549,CC(=CCCC(C)(C=C)O)C,0
Q8TCB6,6549,CC(=CCCC(C)(C=C)O)C,0
Q9H255,6549,CC(=CCCC(C)(C=C)O)C,0
Q8NH64,6549,CC(=CCCC(C)(C=C)O)C,0
Q9Y5P1,6549,CC(=CCCC(C)(C=C)O)C,0
Q8NGJ7,6549,CC(=CCCC(C)(C=C)O)C,0
Q8NGJ6,6549,CC(=CCCC(C)(C=C)O)C,0
Q9Y5P0,6549,CC(=CCCC(C)(C=C)O)C,0
Q9H339,6549,CC(=CCCC(C)(C=C)O)C,0
Q9H341,6549,CC(=CCCC(C)(C=C)O)C,0
Q9H342,6549,CC(=CCCC(C)(C=C)O)C,0
Q8NGJ5,6549,CC(=CCCC(C)(C=C)O)C,0
Q8NGJ8,6549,CC(=CCCC(C)(C=C)O)C,0
Q8NH59,6549,CC(=CCCC(C)(C=C)O)C,0
Q8NGK1,6549,CC(=CCCC(C)(C=C)O)C,0
Q8NH61,6549,CC(=CCCC(C)(C=C)O)C,0
Q9H344,6549,CC(=CCCC(C)(C=C)O)C,0
Q8NGK0,6549,CC(=CCCC(C)(C=C)O)C,0
Q9H343,6549,CC(=CCCC(C)(C=C)O)C,0
Q8NGH8,6549,CC(=CCCC(C)(C=C)O)C,0
Q8NGH5,6549,CC(=CCCC(C)(C=C)O)C,0
Q8NH54,6549,CC(=CCCC(C)(C=C)O)C,0
Q8NH76,6549,CC(=CCCC(C)(C=C)O)C,0
Q8NGI3,6549,CC(=CCCC(C)(C=C)O)C,0
Q8NGG7,6549,CC(=CCCC(C)(C=C)O)C,0
Q8NG99,6549,CC(=CCCC(C)(C=C)O)C,0
Q8NG95,6549,CC(=CCCC(C)(C=C)O)C,0
Q96RD0,6549,CC(=CCCC(C)(C=C)O)C,0
Q6IFN5,6549,CC(=CCCC(C)(C=C)O)C,0
Q96RA2,6549,CC(=CCCC(C)(C=C)O)C,0
Q8NG98,6549,CC(=CCCC(C)(C=C)O)C,0
Q8NGA0,6549,CC(=CCCC(C)(C=C)O)C,0
Q8NGG8,6549,CC(=CCCC(C)(C=C)O)C,0
Q8NGG0,6549,CC(=CCCC(C)(C=C)O)C,0
Q8N162,6549,CC(=CCCC(C)(C=C)O)C,0
Q8N146,6549,CC(=CCCC(C)(C=C)O)C,0
Q8N0Y5,6549,CC(=CCCC(C)(C=C)O)C,0
Q8NGP2,6549,CC(=CCCC(C)(C=C)O)C,0
Q8NH51,6549,CC(=CCCC(C)(C=C)O)C,0
Q8NH50,6549,CC(=CCCC(C)(C=C)O)C,0
Q8NGG5,6549,CC(=CCCC(C)(C=C)O)C,0
Q15620,6549,CC(=CCCC(C)(C=C)O)C,0
Q96RC9,6549,CC(=CCCC(C)(C=C)O)C,0
Q8WZ84,6549,CC(=CCCC(C)(C=C)O)C,0
Q6IF36,6549,CC(=CCCC(C)(C=C)O)C,0
Q8NG78,6549,CC(=CCCC(C)(C=C)O)C,0
Q8NGG4,6549,CC(=CCCC(C)(C=C)O)C,0
Q9GZM6,6549,CC(=CCCC(C)(C=C)O)C,0
Q8NGG6,6549,CC(=CCCC(C)(C=C)O)C,0
Q8NGM9,6549,CC(=CCCC(C)(C=C)O)C,0
Q15617,6549,CC(=CCCC(C)(C=C)O)C,0
Q8N148,6549,CC(=CCCC(C)(C=C)O)C,0
Q8NGX8,6549,CC(=CCCC(C)(C=C)O)C,0
Q8NH79,6549,CC(=CCCC(C)(C=C)O)C,0
Q8NH40,6549,CC(=CCCC(C)(C=C)O)C,0
Q8NGY6,6549,CC(=CCCC(C)(C=C)O)C,0
Q8NGQ2,6549,CC(=CCCC(C)(C=C)O)C,0
Q8NGN1,6549,CC(=CCCC(C)(C=C)O)C,0
O76099,6549,CC(=CCCC(C)(C=C)O)C,0
O14581,6549,CC(=CCCC(C)(C=C)O)C,0
O60412,6549,CC(=CCCC(C)(C=C)O)C,0
Q15622,6549,CC(=CCCC(C)(C=C)O)C,0
O76100,6549,CC(=CCCC(C)(C=C)O)C,0
Q5JRS4,6549,CC(=CCCC(C)(C=C)O)C,0
Q8NHC4,6549,CC(=CCCC(C)(C=C)O)C,0
P30954,6549,CC(=CCCC(C)(C=C)O)C,0
Q8NGX5,6549,CC(=CCCC(C)(C=C)O)C,0
Q6IF99,6549,CC(=CCCC(C)(C=C)O)C,0
Q8NGE3,6549,CC(=CCCC(C)(C=C)O)C,0
Q8NGA6,6549,CC(=CCCC(C)(C=C)O)C,0
O60403,6549,CC(=CCCC(C)(C=C)O)C,0
Q9Y4A9,6549,CC(=CCCC(C)(C=C)O)C,0
Q8NGA5,6549,CC(=CCCC(C)(C=C)O)C,0
O60404,6549,CC(=CCCC(C)(C=C)O)C,0
Q8NGZ3,6549,CC(=CCCC(C)(C=C)O)C,0
Q8NG92,6549,CC(=CCCC(C)(C=C)O)C,0
Q8NGZ2,6549,CC(=CCCC(C)(C=C)O)C,0
Q8NGT2,6549,CC(=CCCC(C)(C=C)O)C,0
Q96R54,6549,CC(=CCCC(C)(C=C)O)C,0
Q8NGX6,6549,CC(=CCCC(C)(C=C)O)C,0
Q8NGN2,6549,CC(=CCCC(C)(C=C)O)C,0
Q8NGX3,6549,CC(=CCCC(C)(C=C)O)C,0
Q8NGI7,6549,CC(=CCCC(C)(C=C)O)C,0
Q8NGF6,6549,CC(=CCCC(C)(C=C)O)C,0
Q8NGY0,6549,CC(=CCCC(C)(C=C)O)C,0
Q8NGY1,6549,CC(=CCCC(C)(C=C)O)C,0
Q9GZK7,6549,CC(=CCCC(C)(C=C)O)C,0
Q8NGC1,6549,CC(=CCCC(C)(C=C)O)C,0
Q8NGQ4,6549,CC(=CCCC(C)(C=C)O)C,0
Q8NG94,6549,CC(=CCCC(C)(C=C)O)C,0
Q8NGC9,6549,CC(=CCCC(C)(C=C)O)C,0
Q8NGT0,6549,CC(=CCCC(C)(C=C)O)C,0
Q8NGV5,6549,CC(=CCCC(C)(C=C)O)C,0
Q8NGS4,6549,CC(=CCCC(C)(C=C)O)C,0
B2RN74,6549,CC(=CCCC(C)(C=C)O)C,0
Q8NGX0,6549,CC(=CCCC(C)(C=C)O)C,0
P58182,6549,CC(=CCCC(C)(C=C)O)C,0
Q9UGF7,6549,CC(=CCCC(C)(C=C)O)C,0
Q8NGR1,6549,CC(=CCCC(C)(C=C)O)C,0
Q8NGS9,6549,CC(=CCCC(C)(C=C)O)C,0
Q8NGS6,6549,CC(=CCCC(C)(C=C)O)C,0
Q8NGS5,6549,CC(=CCCC(C)(C=C)O)C,0
Q8NGC7,6549,CC(=CCCC(C)(C=C)O)C,0
Q8NGS7,6549,CC(=CCCC(C)(C=C)O)C,0
Q8NGS8,6549,CC(=CCCC(C)(C=C)O)C,0
Q8NGQ5,6549,CC(=CCCC(C)(C=C)O)C,0
Q8NGE9,6549,CC(=CCCC(C)(C=C)O)C,0
Q9H208,6549,CC(=CCCC(C)(C=C)O)C,0
Q8NGE7,6549,CC(=CCCC(C)(C=C)O)C,0
P58181,6549,CC(=CCCC(C)(C=C)O)C,0
Q9H209,6549,CC(=CCCC(C)(C=C)O)C,0
Q8NGQ1,6549,CC(=CCCC(C)(C=C)O)C,0
Q8NH10,6549,CC(=CCCC(C)(C=C)O)C,0
P0C7N1,6549,CC(=CCCC(C)(C=C)O)C,0
Q8NGT5,6549,CC(=CCCC(C)(C=C)O)C,0
Q8NGU2,6549,CC(=CCCC(C)(C=C)O)C,0
Q8NH87,6549,CC(=CCCC(C)(C=C)O)C,0
P0C7N5,6549,CC(=CCCC(C)(C=C)O)C,0
Q8NGQ6,6549,CC(=CCCC(C)(C=C)O)C,0
P0C7N8,6549,CC(=CCCC(C)(C=C)O)C,0
Q96KK4,6549,CC(=CCCC(C)(C=C)O)C,0
Q8NGC3,6549,CC(=CCCC(C)(C=C)O)C,0
Q8NGE0,6549,CC(=CCCC(C)(C=C)O)C,0
Q8NH19,6549,CC(=CCCC(C)(C=C)O)C,0
Q8NGN6,6549,CC(=CCCC(C)(C=C)O)C,0
Q8NGN5,6549,CC(=CCCC(C)(C=C)O)C,0
Q8NGN4,6549,CC(=CCCC(C)(C=C)O)C,0
Q8NH81,6549,CC(=CCCC(C)(C=C)O)C,0
Q8NGN3,6549,CC(=CCCC(C)(C=C)O)C,0
Q8NGC4,6549,CC(=CCCC(C)(C=C)O)C,0
Q8NH74,6549,CC(=CCCC(C)(C=C)O)C,0
Q8NGE5,6549,CC(=CCCC(C)(C=C)O)C,0
Q9H207,6549,CC(=CCCC(C)(C=C)O)C,0
A6NJZ3,7122,CC(=O)C1=CC2=CC=CC=C2C=C1,0
A6NDL8,7122,CC(=O)C1=CC2=CC=CC=C2C=C1,0
Q8NGE1,7122,CC(=O)C1=CC2=CC=CC=C2C=C1,0
A6NF89,7122,CC(=O)C1=CC2=CC=CC=C2C=C1,0
Q8NGZ6,7122,CC(=O)C1=CC2=CC=CC=C2C=C1,0
A6NM76,7122,CC(=O)C1=CC2=CC=CC=C2C=C1,0
Q8NGC5,7122,CC(=O)C1=CC2=CC=CC=C2C=C1,0
A6NCV1,7122,CC(=O)C1=CC2=CC=CC=C2C=C1,0
A6NIJ9,7122,CC(=O)C1=CC2=CC=CC=C2C=C1,0
A6NL08,7122,CC(=O)C1=CC2=CC=CC=C2C=C1,0
Q8NGG2,7122,CC(=O)C1=CC2=CC=CC=C2C=C1,0
Q9UGF6,7122,CC(=O)C1=CC2=CC=CC=C2C=C1,0
Q8NGG3,7122,CC(=O)C1=CC2=CC=CC=C2C=C1,0
Q8NG75,7122,CC(=O)C1=CC2=CC=CC=C2C=C1,0
Q96RD1,7122,CC(=O)C1=CC2=CC=CC=C2C=C1,0
Q8NGW1,7122,CC(=O)C1=CC2=CC=CC=C2C=C1,0
Q9NZP2,7122,CC(=O)C1=CC2=CC=CC=C2C=C1,0
Q9NZP0,7122,CC(=O)C1=CC2=CC=CC=C2C=C1,0
Q8NH69,7122,CC(=O)C1=CC2=CC=CC=C2C=C1,0
Q6IFH4,7122,CC(=O)C1=CC2=CC=CC=C2C=C1,0
O95007,7122,CC(=O)C1=CC2=CC=CC=C2C=C1,0
O95222,7122,CC(=O)C1=CC2=CC=CC=C2C=C1,0
O60412,7122,CC(=O)C1=CC2=CC=CC=C2C=C1,0
O76099,7122,CC(=O)C1=CC2=CC=CC=C2C=C1,0
Q8NGA0,7122,CC(=O)C1=CC2=CC=CC=C2C=C1,0
Q96RA2,7122,CC(=O)C1=CC2=CC=CC=C2C=C1,0
Q8NG98,7122,CC(=O)C1=CC2=CC=CC=C2C=C1,0
Q6IFN5,7122,CC(=O)C1=CC2=CC=CC=C2C=C1,0
O14581,7122,CC(=O)C1=CC2=CC=CC=C2C=C1,0
O76100,7122,CC(=O)C1=CC2=CC=CC=C2C=C1,0
Q96RD0,7122,CC(=O)C1=CC2=CC=CC=C2C=C1,0
Q8NGG7,7122,CC(=O)C1=CC2=CC=CC=C2C=C1,0
Q8WZ84,7122,CC(=O)C1=CC2=CC=CC=C2C=C1,0
Q8NGG6,7122,CC(=O)C1=CC2=CC=CC=C2C=C1,0
Q15620,7122,CC(=O)C1=CC2=CC=CC=C2C=C1,0
Q96RC9,7122,CC(=O)C1=CC2=CC=CC=C2C=C1,0
Q8NG95,7122,CC(=O)C1=CC2=CC=CC=C2C=C1,0
Q8NG99,7122,CC(=O)C1=CC2=CC=CC=C2C=C1,0
Q8NGM8,7122,CC(=O)C1=CC2=CC=CC=C2C=C1,0
Q8NGY5,7122,CC(=O)C1=CC2=CC=CC=C2C=C1,0
Q8NGW6,7122,CC(=O)C1=CC2=CC=CC=C2C=C1,0
Q8NH40,7122,CC(=O)C1=CC2=CC=CC=C2C=C1,0
Q8NGQ2,7122,CC(=O)C1=CC2=CC=CC=C2C=C1,0
Q8NGY6,7122,CC(=O)C1=CC2=CC=CC=C2C=C1,0
Q8NGY2,7122,CC(=O)C1=CC2=CC=CC=C2C=C1,0
Q8NGY3,7122,CC(=O)C1=CC2=CC=CC=C2C=C1,0
Q8NH79,7122,CC(=O)C1=CC2=CC=CC=C2C=C1,0
Q15622,7122,CC(=O)C1=CC2=CC=CC=C2C=C1,0
Q8NGX8,7122,CC(=O)C1=CC2=CC=CC=C2C=C1,0
Q8NGN1,7122,CC(=O)C1=CC2=CC=CC=C2C=C1,0
Q8N148,7122,CC(=O)C1=CC2=CC=CC=C2C=C1,0
Q96R08,7122,CC(=O)C1=CC2=CC=CC=C2C=C1,0
Q8NGF7,7122,CC(=O)C1=CC2=CC=CC=C2C=C1,0
Q8NGC0,7122,CC(=O)C1=CC2=CC=CC=C2C=C1,0
Q8N127,7122,CC(=O)C1=CC2=CC=CC=C2C=C1,0
Q96R09,7122,CC(=O)C1=CC2=CC=CC=C2C=C1,0
Q8NH48,7122,CC(=O)C1=CC2=CC=CC=C2C=C1,0
O95221,7122,CC(=O)C1=CC2=CC=CC=C2C=C1,0
Q8NGL1,7122,CC(=O)C1=CC2=CC=CC=C2C=C1,0
A6NKK0,7122,CC(=O)C1=CC2=CC=CC=C2C=C1,0
Q8NGR4,7122,CC(=O)C1=CC2=CC=CC=C2C=C1,0
A6NL26,7122,CC(=O)C1=CC2=CC=CC=C2C=C1,0
Q8NGL4,7122,CC(=O)C1=CC2=CC=CC=C2C=C1,0
Q8NGL3,7122,CC(=O)C1=CC2=CC=CC=C2C=C1,0
Q8NGK9,7122,CC(=O)C1=CC2=CC=CC=C2C=C1,0
Q8NH73,7122,CC(=O)C1=CC2=CC=CC=C2C=C1,0
Q8NH49,7122,CC(=O)C1=CC2=CC=CC=C2C=C1,0
Q8NH05,7122,CC(=O)C1=CC2=CC=CC=C2C=C1,0
Q8NGB4,7122,CC(=O)C1=CC2=CC=CC=C2C=C1,0
Q9NZP5,7122,CC(=O)C1=CC2=CC=CC=C2C=C1,0
Q8NH90,7122,CC(=O)C1=CC2=CC=CC=C2C=C1,0
Q8NGP9,7122,CC(=O)C1=CC2=CC=CC=C2C=C1,0
Q8NGI8,7122,CC(=O)C1=CC2=CC=CC=C2C=C1,0
Q8NGF4,7122,CC(=O)C1=CC2=CC=CC=C2C=C1,0
Q8NGJ0,7122,CC(=O)C1=CC2=CC=CC=C2C=C1,0
Q8NGF9,7122,CC(=O)C1=CC2=CC=CC=C2C=C1,0
Q8NGV7,7122,CC(=O)C1=CC2=CC=CC=C2C=C1,0
Q8NGI9,7122,CC(=O)C1=CC2=CC=CC=C2C=C1,0
Q8NGP6,7122,CC(=O)C1=CC2=CC=CC=C2C=C1,0
Q8NGP3,7122,CC(=O)C1=CC2=CC=CC=C2C=C1,0
Q8NGL2,7122,CC(=O)C1=CC2=CC=CC=C2C=C1,0
Q8NGP4,7122,CC(=O)C1=CC2=CC=CC=C2C=C1,0
Q8NGL0,7122,CC(=O)C1=CC2=CC=CC=C2C=C1,0
Q8NGP8,7122,CC(=O)C1=CC2=CC=CC=C2C=C1,0
Q8NH85,7122,CC(=O)C1=CC2=CC=CC=C2C=C1,0
Q96RB7,7122,CC(=O)C1=CC2=CC=CC=C2C=C1,0
Q6IEU7,7122,CC(=O)C1=CC2=CC=CC=C2C=C1,0
Q8WZ92,7122,CC(=O)C1=CC2=CC=CC=C2C=C1,0
A6NDH6,7122,CC(=O)C1=CC2=CC=CC=C2C=C1,0
Q13606,7122,CC(=O)C1=CC2=CC=CC=C2C=C1,0
Q8NGV6,7122,CC(=O)C1=CC2=CC=CC=C2C=C1,0
A6NHG9,7122,CC(=O)C1=CC2=CC=CC=C2C=C1,0
Q8NH18,7122,CC(=O)C1=CC2=CC=CC=C2C=C1,0
A6NET4,7122,CC(=O)C1=CC2=CC=CC=C2C=C1,0
A6NMS3,7122,CC(=O)C1=CC2=CC=CC=C2C=C1,0
Q8NHB7,7122,CC(=O)C1=CC2=CC=CC=C2C=C1,0
Q8NHB8,7122,CC(=O)C1=CC2=CC=CC=C2C=C1,0
Q9GZM6,7122,CC(=O)C1=CC2=CC=CC=C2C=C1,0
Q9H342,7122,CC(=O)C1=CC2=CC=CC=C2C=C1,0
Q9H344,7122,CC(=O)C1=CC2=CC=CC=C2C=C1,0
Q8NGJ5,7122,CC(=O)C1=CC2=CC=CC=C2C=C1,0
Q9H341,7122,CC(=O)C1=CC2=CC=CC=C2C=C1,0
Q8NGK0,7122,CC(=O)C1=CC2=CC=CC=C2C=C1,0
Q9H343,7122,CC(=O)C1=CC2=CC=CC=C2C=C1,0
Q9H2C5,7122,CC(=O)C1=CC2=CC=CC=C2C=C1,0
Q96RD2,7122,CC(=O)C1=CC2=CC=CC=C2C=C1,0
Q8NGJ8,7122,CC(=O)C1=CC2=CC=CC=C2C=C1,0
Q8NGJ9,7122,CC(=O)C1=CC2=CC=CC=C2C=C1,0
Q8NH59,7122,CC(=O)C1=CC2=CC=CC=C2C=C1,0
Q9H2C8,7122,CC(=O)C1=CC2=CC=CC=C2C=C1,0
A6NMU1,7122,CC(=O)C1=CC2=CC=CC=C2C=C1,0
Q9UKL2,7122,CC(=O)C1=CC2=CC=CC=C2C=C1,0
Q8NGT2,7122,CC(=O)C1=CC2=CC=CC=C2C=C1,0
Q96R54,7122,CC(=O)C1=CC2=CC=CC=C2C=C1,0
Q8NGZ2,7122,CC(=O)C1=CC2=CC=CC=C2C=C1,0
Q8NGJ7,7122,CC(=O)C1=CC2=CC=CC=C2C=C1,0
Q8NG92,7122,CC(=O)C1=CC2=CC=CC=C2C=C1,0
Q8NGJ6,7122,CC(=O)C1=CC2=CC=CC=C2C=C1,0
Q9H339,7122,CC(=O)C1=CC2=CC=CC=C2C=C1,0
Q9H340,7122,CC(=O)C1=CC2=CC=CC=C2C=C1,0
Q9Y5P0,7122,CC(=O)C1=CC2=CC=CC=C2C=C1,0
Q8NH64,7122,CC(=O)C1=CC2=CC=CC=C2C=C1,0
Q9Y5P1,7122,CC(=O)C1=CC2=CC=CC=C2C=C1,0
Q8NGS9,7122,CC(=O)C1=CC2=CC=CC=C2C=C1,0
Q8NGS6,7122,CC(=O)C1=CC2=CC=CC=C2C=C1,0
Q8NGS5,7122,CC(=O)C1=CC2=CC=CC=C2C=C1,0
B2RN74,7122,CC(=O)C1=CC2=CC=CC=C2C=C1,0
Q8NGX0,7122,CC(=O)C1=CC2=CC=CC=C2C=C1,0
P58182,7122,CC(=O)C1=CC2=CC=CC=C2C=C1,0
Q9UGF7,7122,CC(=O)C1=CC2=CC=CC=C2C=C1,0
Q8NGR1,7122,CC(=O)C1=CC2=CC=CC=C2C=C1,0
Q8NGT0,7122,CC(=O)C1=CC2=CC=CC=C2C=C1,0
Q8NGV5,7122,CC(=O)C1=CC2=CC=CC=C2C=C1,0
Q8NGS4,7122,CC(=O)C1=CC2=CC=CC=C2C=C1,0
Q8NGZ3,7122,CC(=O)C1=CC2=CC=CC=C2C=C1,0
Q8NGS8,7122,CC(=O)C1=CC2=CC=CC=C2C=C1,0
Q8NGS7,7122,CC(=O)C1=CC2=CC=CC=C2C=C1,0
Q8NH61,7122,CC(=O)C1=CC2=CC=CC=C2C=C1,0
Q9H255,7122,CC(=O)C1=CC2=CC=CC=C2C=C1,0
A6NGY5,7122,CC(=O)C1=CC2=CC=CC=C2C=C1,0
Q8NGK1,7122,CC(=O)C1=CC2=CC=CC=C2C=C1,0
Q8NGF3,7122,CC(=O)C1=CC2=CC=CC=C2C=C1,0
Q8TCB6,7122,CC(=O)C1=CC2=CC=CC=C2C=C1,0
Q8NGR6,6549,CC(=CCCC(C)(C=C)O)C,0
P34982,6549,CC(=CCCC(C)(C=C)O)C,0
P47884,6549,CC(=CCCC(C)(C=C)O)C,0
P58170,6549,CC(=CCCC(C)(C=C)O)C,0
Q8NGH5,7122,CC(=O)C1=CC2=CC=CC=C2C=C1,0
Q8NH54,7122,CC(=O)C1=CC2=CC=CC=C2C=C1,0
Q8NGH8,7122,CC(=O)C1=CC2=CC=CC=C2C=C1,0
Q6IF63,7122,CC(=O)C1=CC2=CC=CC=C2C=C1,0
Q9Y585,6549,CC(=CCCC(C)(C=C)O)C,0
Q8NGI3,7122,CC(=O)C1=CC2=CC=CC=C2C=C1,0
Q8NH76,7122,CC(=O)C1=CC2=CC=CC=C2C=C1,0
Q8NGS2,6549,CC(=CCCC(C)(C=C)O)C,0
Q8NGS1,6549,CC(=CCCC(C)(C=C)O)C,0
Q8NGR5,6549,CC(=CCCC(C)(C=C)O)C,0
Q8NH93,6549,CC(=CCCC(C)(C=C)O)C,0
Q8NH94,6549,CC(=CCCC(C)(C=C)O)C,0
Q8NGR3,6549,CC(=CCCC(C)(C=C)O)C,0
P47887,6549,CC(=CCCC(C)(C=C)O)C,0
Q8WZA6,6549,CC(=CCCC(C)(C=C)O)C,0
O43749,6549,CC(=CCCC(C)(C=C)O)C,0
P47890,6549,CC(=CCCC(C)(C=C)O)C,0
P30953,6549,CC(=CCCC(C)(C=C)O)C,0
Q8NGS3,6549,CC(=CCCC(C)(C=C)O)C,0
O60431,6549,CC(=CCCC(C)(C=C)O)C,0
Q8NGJ2,7122,CC(=O)C1=CC2=CC=CC=C2C=C1,0
Q6IFG1,7122,CC(=O)C1=CC2=CC=CC=C2C=C1,0
Q8NH67,7122,CC(=O)C1=CC2=CC=CC=C2C=C1,0
Q8NH60,7122,CC(=O)C1=CC2=CC=CC=C2C=C1,0
Q8NGK6,7122,CC(=O)C1=CC2=CC=CC=C2C=C1,0
Q8NGF0,7122,CC(=O)C1=CC2=CC=CC=C2C=C1,0
Q9H346,7122,CC(=O)C1=CC2=CC=CC=C2C=C1,0
Q8NGK2,7122,CC(=O)C1=CC2=CC=CC=C2C=C1,0
Q8NGH9,7122,CC(=O)C1=CC2=CC=CC=C2C=C1,0
Q96RD3,7122,CC(=O)C1=CC2=CC=CC=C2C=C1,0
Q8NGJ4,7122,CC(=O)C1=CC2=CC=CC=C2C=C1,0
Q8NGI0,7122,CC(=O)C1=CC2=CC=CC=C2C=C1,0
Q8NH56,7122,CC(=O)C1=CC2=CC=CC=C2C=C1,0
Q8NH53,7122,CC(=O)C1=CC2=CC=CC=C2C=C1,0
Q8NGF1,7122,CC(=O)C1=CC2=CC=CC=C2C=C1,0
Q8NGK4,7122,CC(=O)C1=CC2=CC=CC=C2C=C1,0
Q8NGH7,7122,CC(=O)C1=CC2=CC=CC=C2C=C1,0
Q8NGK5,7122,CC(=O)C1=CC2=CC=CC=C2C=C1,0
Q8NGC7,7122,CC(=O)C1=CC2=CC=CC=C2C=C1,0
Q8NGK3,7122,CC(=O)C1=CC2=CC=CC=C2C=C1,0
P0C7N5,7122,CC(=O)C1=CC2=CC=CC=C2C=C1,0
Q8NH50,7122,CC(=O)C1=CC2=CC=CC=C2C=C1,0
Q8NH51,7122,CC(=O)C1=CC2=CC=CC=C2C=C1,0
P0C7N1,7122,CC(=O)C1=CC2=CC=CC=C2C=C1,0
Q8NH10,7122,CC(=O)C1=CC2=CC=CC=C2C=C1,0
Q8NGQ1,7122,CC(=O)C1=CC2=CC=CC=C2C=C1,0
Q8NH87,7122,CC(=O)C1=CC2=CC=CC=C2C=C1,0
Q8NGQ6,7122,CC(=O)C1=CC2=CC=CC=C2C=C1,0
P0C7N8,7122,CC(=O)C1=CC2=CC=CC=C2C=C1,0
Q8NGT5,7122,CC(=O)C1=CC2=CC=CC=C2C=C1,0
Q8NGU2,7122,CC(=O)C1=CC2=CC=CC=C2C=C1,0
Q6IF36,7122,CC(=O)C1=CC2=CC=CC=C2C=C1,0
Q15617,7122,CC(=O)C1=CC2=CC=CC=C2C=C1,0
Q8NGM9,7122,CC(=O)C1=CC2=CC=CC=C2C=C1,0
Q8N146,7122,CC(=O)C1=CC2=CC=CC=C2C=C1,0
Q8N0Y5,7122,CC(=O)C1=CC2=CC=CC=C2C=C1,0
Q8N162,7122,CC(=O)C1=CC2=CC=CC=C2C=C1,0
Q8NGG5,7122,CC(=O)C1=CC2=CC=CC=C2C=C1,0
Q8NGP2,7122,CC(=O)C1=CC2=CC=CC=C2C=C1,0
Q8NGG0,7122,CC(=O)C1=CC2=CC=CC=C2C=C1,0
Q8NG78,7122,CC(=O)C1=CC2=CC=CC=C2C=C1,0
Q8NH81,7122,CC(=O)C1=CC2=CC=CC=C2C=C1,0
Q8NGN6,7122,CC(=O)C1=CC2=CC=CC=C2C=C1,0
Q8NGC4,7122,CC(=O)C1=CC2=CC=CC=C2C=C1,0
Q8NGN3,7122,CC(=O)C1=CC2=CC=CC=C2C=C1,0
Q8NGQ4,7122,CC(=O)C1=CC2=CC=CC=C2C=C1,0
Q8NGX6,7122,CC(=O)C1=CC2=CC=CC=C2C=C1,0
Q8NHC4,7122,CC(=O)C1=CC2=CC=CC=C2C=C1,0
Q8NGX5,7122,CC(=O)C1=CC2=CC=CC=C2C=C1,0
Q6IF99,7122,CC(=O)C1=CC2=CC=CC=C2C=C1,0
Q8NGE3,7122,CC(=O)C1=CC2=CC=CC=C2C=C1,0
Q8NGN2,7122,CC(=O)C1=CC2=CC=CC=C2C=C1,0
Q8NGF6,7122,CC(=O)C1=CC2=CC=CC=C2C=C1,0
Q8NGY0,7122,CC(=O)C1=CC2=CC=CC=C2C=C1,0
Q8NGY1,7122,CC(=O)C1=CC2=CC=CC=C2C=C1,0
Q9GZK7,7122,CC(=O)C1=CC2=CC=CC=C2C=C1,0
Q8NGC1,7122,CC(=O)C1=CC2=CC=CC=C2C=C1,0
Q8NGC9,7122,CC(=O)C1=CC2=CC=CC=C2C=C1,0
Q8NG94,7122,CC(=O)C1=CC2=CC=CC=C2C=C1,0
Q8NGX3,7122,CC(=O)C1=CC2=CC=CC=C2C=C1,0
Q8NGI7,7122,CC(=O)C1=CC2=CC=CC=C2C=C1,0
Q5JRS4,7122,CC(=O)C1=CC2=CC=CC=C2C=C1,0
P30954,7122,CC(=O)C1=CC2=CC=CC=C2C=C1,0
Q8NGN5,7122,CC(=O)C1=CC2=CC=CC=C2C=C1,0
Q8NGA6,7122,CC(=O)C1=CC2=CC=CC=C2C=C1,0
Q8NGA5,7122,CC(=O)C1=CC2=CC=CC=C2C=C1,0
Q8NGN4,7122,CC(=O)C1=CC2=CC=CC=C2C=C1,0
Q9Y4A9,7122,CC(=O)C1=CC2=CC=CC=C2C=C1,0
O60403,7122,CC(=O)C1=CC2=CC=CC=C2C=C1,0
O60404,7122,CC(=O)C1=CC2=CC=CC=C2C=C1,0
Q8NGE9,7122,CC(=O)C1=CC2=CC=CC=C2C=C1,0
Q9H209,7122,CC(=O)C1=CC2=CC=CC=C2C=C1,0
Q9H207,7122,CC(=O)C1=CC2=CC=CC=C2C=C1,0
Q9H208,7122,CC(=O)C1=CC2=CC=CC=C2C=C1,0
P58181,7122,CC(=O)C1=CC2=CC=CC=C2C=C1,0
Q8NGQ5,7122,CC(=O)C1=CC2=CC=CC=C2C=C1,0
Q8NGE7,7122,CC(=O)C1=CC2=CC=CC=C2C=C1,0
Q96KK4,7122,CC(=O)C1=CC2=CC=CC=C2C=C1,0
Q8NH19,7122,CC(=O)C1=CC2=CC=CC=C2C=C1,0
Q8NGE0,7122,CC(=O)C1=CC2=CC=CC=C2C=C1,0
Q8NGC3,7122,CC(=O)C1=CC2=CC=CC=C2C=C1,0
Q8NH41,16724,CC1=CC[C@@H](CC1=O)C(=C)C,0
Q8NGE5,7122,CC(=O)C1=CC2=CC=CC=C2C=C1,0
O76001,5281167,CC/C=C\CCO,1
Q9P1Q5,31244,COC1=CC=C(C=C1)C=O,1
P34982,7122,CC(=O)C1=CC2=CC=CC=C2C=C1,1
Q8NH74,31244,COC1=CC=C(C=C1)C=O,1
Q8NGG4,7122,CC(=O)C1=CC2=CC=CC=C2C=C1,1
Q8NH74,16724,CC1=CC[C@@H](CC1=O)C(=C)C,1
Q8NGS9,31244,COC1=CC=C(C=C1)C=O,1
Q9Y3N9,7122,CC(=O)C1=CC2=CC=CC=C2C=C1,1
Q8NH74,5281167,CC/C=C\CCO,1
Q8WZ94,31244,COC1=CC=C(C=C1)C=O,1
Q9Y3N9,5281167,CC/C=C\CCO,1
Q9P1Q5,7122,CC(=O)C1=CC2=CC=CC=C2C=C1,1
Q8NH73,5281167,CC/C=C\CCO,1
Q8NGG8,7122,CC(=O)C1=CC2=CC=CC=C2C=C1,1
Q8NGG8,31244,COC1=CC=C(C=C1)C=O,1
Q8NH74,7122,CC(=O)C1=CC2=CC=CC=C2C=C1,1
Q8NHB7,31244,COC1=CC=C(C=C1)C=O,1
O76002,31244,COC1=CC=C(C=C1)C=O,1
Q8WZ94,5281167,CC/C=C\CCO,1
Q8WZ94,7122,CC(=O)C1=CC2=CC=CC=C2C=C1,1
O76001,31244,COC1=CC=C(C=C1)C=O,1
Q9P1Q5,5281167,CC/C=C\CCO,1
Q8WZ94,16724,CC1=CC[C@@H](CC1=O)C(=C)C,1
O76002,7122,CC(=O)C1=CC2=CC=CC=C2C=C1,1
Q9P1Q5,16724,CC1=CC[C@@H](CC1=O)C(=C)C,1
Q9P1Q5,6549,CC(=CCCC(C)(C=C)O)C,1
,7967,C1CCC(=O)CC1,1
,8461,CC1=C(C=C(C=C1)[N+](=O)[O-])[N+](=O)[O-],1
,7150,COC(=O)C1=CC=CC=C1,1
,61052,CCC(=O)OCCCC1=CC=CC=C1,1
Q9P1Q5,439570,CC1=CC[C@H](CC1=O)C(=C)C,1
P34982,439570,CC1=CC[C@H](CC1=O)C(=C)C,1
Q8NGB9,439570,CC1=CC[C@H](CC1=O)C(=C)C,1
Q8NHB7,439570,CC1=CC[C@H](CC1=O)C(=C)C,1
Q8WZ94,439570,CC1=CC[C@H](CC1=O)C(=C)C,1
Q8NGY5,439570,CC1=CC[C@H](CC1=O)C(=C)C,1
Q8NGG8,439570,CC1=CC[C@H](CC1=O)C(=C)C,1
Q8NH74,439570,CC1=CC[C@H](CC1=O)C(=C)C,1
Q8NGN3,439570,CC1=CC[C@H](CC1=O)C(=C)C,1
Q8NGI7,439570,CC1=CC[C@H](CC1=O)C(=C)C,1
Q8NH64,439570,CC1=CC[C@H](CC1=O)C(=C)C,1
Q8NGJ4,439570,CC1=CC[C@H](CC1=O)C(=C)C,1
Q9Y3N9,439570,CC1=CC[C@H](CC1=O)C(=C)C,1
,16724,CC1=CC[C@@H](CC1=O)C(=C)C,1
,62835,CC1C(=C(C(=O)O1)O)C,1
,15717,C=CCOC(=O)CC1=CC=CC=C1,1
,1032,CCC(=O)O,1
,31244,COC1=CC=C(C=C1)C=O,1
,24433,CCCCOC(=O)C1=CC=CC=C1N,1
,323,C1=CC=C2C(=C1)C=CC(=O)O2,1
,20499,C1=COC(=C1)CSSCC2=CC=CO2,1
,637511,C1=CC=C(C=C1)/C=C/C=O,1
,181287,CC1C(=NC(S1)C)C,1
,17356,C1CCC(CC1)SSC2CCCCC2,1
,1133,C(C(=O)O)S,1
,8144,CCCCCCCCS,1
,62378,CCCCCC1=C(CCC1=O)C,1
,637566,CC(=CCC/C(=C/CO)/C)C,1
,7047,C1=CC=C2C(=C1)C=CC=N2,1
Q8NGG4,439570,CC1=CC[C@H](CC1=O)C(=C)C,1
,165675,C[C@H]1CC[C@@H]([C@H](C1)O)C(C)C,1
,8051,CCCCCC(=O)C,1
,6852393,C[C@]12CC[C@H]3[C@H]([C@@H]1CC=C2)CC[C@@H]4[C@@]3(CCC(=O)C4)C,1
,8892,CCCCCC(=O)O,1
,8186,CCCCCCCCCCC=O,1
,64832,CC(C)(C)C1=CC=C(C=C1)CCC=O,1
,31272,CCCCOC(=O)C,1
,111037,CC1=CCC(CC1)C(C)(C)OC(=O)C,1
,106997,CCC1(C(C2CCC1(C2)C)(C)C)O,1
,12587,CC(C)CCC(=O)O,1
,82229,C[C@@]12CC[C@@H](C1)C(C2=O)(C)C,1
,92979,C[C@]12CC[C@H]3[C@H]([C@@H]1CC=C2)CCC4=CC(=O)CC[C@]34C,1
,5283345,CCCCCCC/C=C/C=O,1
,6561,CC(C)C=O,1
,6590,CC(C)C(=O)O,1
,10430,CC(C)CC(=O)O,1
,6549,CC(=CCCC(C)(C=C)O)C,1
,878,CS,1
,4133,COC(=O)C1=CC=CC=C1O,1
,1183,COC1=C(C=CC(=C1)C=O)O,1
,16666,C[C@@H]1CC[C@H]([C@@H](C1)O)C(C)C,1
,6569,CCC(=O)C,1
,91604,CC(C)(CCCC1=CCC(CC1)C=O)O,1
,264,CCCC(=O)O,1
,247573,CC(=O)O[C@H]1C[C@H]2CC[C@]1(C2(C)C)C,1
,1268142,C[C@@H]1CC(=O)C=C2[C@]1(C[C@@H](CC2)C(=C)C)C,1
,263,CCCCO,1
,7144,CC1=CC(=C(C=C1)O)OC,1
,2758,CC1(C2CCC(O1)(CC2)C)C,1
,5281167,CC/C=C\CCO,1
,638011,CC(=CCC/C(=C/C=O)/C)C,1
,8175,CCCCCCCCCC=O,1
,650,CC(=O)C(=O)C,1
,11617,C=CCSCC=C,1
,7583,C1=CC=C(C=C1)OC2=CC=CC=C2,1
,61014,C1CCCCCC(=O)OCCOC(=O)CCCCC1,1
,7136,CC(=O)OC1=C(C=C(C=C1)CC=C)OC,1
,7127,COC1=C(C=C(C=C1)CC=C)OC,1
,12348,CCCCCOC(=O)C,1
,1549026,CC(=CCC/C(=C/COC(=O)C)/C)C,1
,8159,CCCCCCCOC(=O)C,1
,17525,CCCCCCOC(=O)CCC,1
,853433,C/C=C/C1=CC(=C(C=C1)O)OC,1
,8164,CCCCCCCCOC(=O)C,1
,454,CCCCCCCC=O,1
,235414,C1CCCCCCCOC(=O)CCCCCC1,1
,998,C1=CC=C(C=C1)CC=O,1
,9261,C1=CN=CC=N1,1
,17100,CC1=CCC(CC1)C(C)(C)O,1
,7410,CC(=O)C1=CC=CC=C1,1
,91497,CC1COCC2=CC3=C(C=C12)C(C(C3(C)C)C)(C)C,1
,460,COC1=CC=CC=C1O,1
Q15619,6549,CC(=CCCC(C)(C=C)O)C,1
